,topic_name,ground_truth,run
0,fashion trends and design,Fashion and Apparel,0
1,legal and judicial issues,Decisions and Verdicts,0
2,economic impact of technology,internal-sub-only-nl,0
3,music and cultural recognition,Deaths (Obituaries),0
4,social issues and activism,"Demonstrations, Protests and Riots",0
5,legal and judicial issues,AIRLINES AND AIRPLANES,0
6,supreme court decisions and politics,Decisions and Verdicts,0
7,international court of justice,Palestinians,0
8,legal and judicial issues,Illegal Immigration,0
9,arts and performing arts,Documentary Films and Programs,0
10,international relations and geopolitics,Palestinians,0
11,media and entertainment,Art,0
12,military conflict and strategy,Defense and Military Forces,0
13,legal and judicial issues,AIRLINES AND AIRPLANES,0
14,history and letters,internal-paywall-exempt,0
15,politics and elections,Politics and Government,0
16,war reporting and human impact,Palestinians,0
17,health and science,your-feed-science,0
18,politics and elections,"Demonstrations, Protests and Riots",0
19,economic policy and business,Restaurants,0
20,music and cultural recognition,Pop and Rock Music,0
21,health and science,your-feed-science,0
22,health and science,Politics and Government,0
23,media and entertainment,Content Type: Personal Profile,0
24,personal and lifestyle,Real Estate and Housing (Residential),0
25,technology and innovation,Computers and the Internet,0
26,music and cultural recognition,Culture (Arts),0
27,politics and elections,Primaries and Caucuses,0
28,technology and innovation,Social Media,0
29,political power dynamics,Politics and Government,0
30,politics and elections,Presidential Election of 2024,0
31,fashion trends and design,Fashion and Apparel,0
32,arts and performing arts,Classical Music,0
33,personal and lifestyle,Cooking and Cookbooks,0
34,history and letters,Deaths (Obituaries),0
35,health and science,Royal Families,0
36,international relations and geopolitics,Documentary Films and Programs,0
37,environment and climate,Global Warming,0
38,economic policy and business,internal-storyline-no,0
39,politics and elections,Elections,0
40,politics and elections,United States Politics and Government,0
41,legal and judicial issues,Law and Legislation,0
42,politics and elections,Law and Legislation,0
43,personal and lifestyle,Restaurants,0
44,arts and performing arts,Art,0
45,economic policy and business,Restaurants,0
46,politics and elections,audio-neutral-informative,0
47,international relations and geopolitics,Defense and Military Forces,0
48,technology and innovation,Artificial Intelligence,0
49,media and entertainment,Computers and the Internet,0
50,legal cases and criminal justice,"Murders, Attempted Murders and Homicides",0
51,technology and innovation,Books and Literature,0
52,economic policy and business,AIRLINES AND AIRPLANES,0
53,politics and elections,United States Politics and Government,0
54,politics and elections,United States Politics and Government,0
55,international relations and geopolitics,United States International Relations,0
56,environment and climate,Global Warming,0
57,health and science,internal-sub-only-nl,0
58,arts and performing arts,Dancing,0
59,politics and elections,Primaries and Caucuses,0
60,arts and performing arts,Theater,0
61,legal and judicial issues,Illegal Immigration,0
62,media and entertainment,Documentary Films and Programs,0
63,economic policy and business,United States Economy,0
64,political satire and commentary,Theater,0
65,international relations and geopolitics,Illegal Immigration,0
66,arts and performing arts,Books and Literature,0
67,politics and elections,Presidential Election of 2024,0
68,politics and elections,Presidential Election of 2024,0
69,arts and performing arts,Content Type: Personal Profile,0
70,reproductive rights legislation,Abortion,0
71,education and culture,Cooking and Cookbooks,0
72,legal and judicial issues,Deaths (Obituaries),0
73,legal cases and criminal justice,"Murders, Attempted Murders and Homicides",0
74,politics and elections,Elections,0
75,fashion trends and design,audio-neutral-informative,0
76,demographics and social progress,United States Economy,0
77,media and entertainment,Content Type: Personal Profile,0
78,environment and climate,Global Warming,0
79,personal and lifestyle,Cooking and Cookbooks,0
80,personal and lifestyle,Cooking and Cookbooks,0
81,environment and climate,Global Warming,0
82,legal and judicial issues,New York State Criminal Case Against Trump (71543-23),0
83,arts and performing arts,Content Type: Personal Profile,0
84,legal and judicial issues,Deaths (Obituaries),0
85,antitrust and tech regulation,Computers and the Internet,0
86,personal and lifestyle,Movies,0
87,arts and performing arts,Deaths (Obituaries),0
88,politics and elections,internal-sub-only-nl,0
89,international relations and geopolitics,Israel-Gaza War (2023- ),0
90,media and entertainment,Books and Literature,0
91,music and cultural recognition,Classical Music,0
92,arts and performing arts,Classical Music,0
93,social issues and activism,Social Media,0
94,technology and innovation,Artificial Intelligence,0
95,media and entertainment,Movies,0
96,reproductive rights legislation,Abortion,0
97,politics and elections,internal-sub-only-nl,0
98,politics and elections,Primaries and Caucuses,0
99,military conflict and strategy,Defense and Military Forces,0
100,media and entertainment,Culture (Arts),0
101,reproductive rights legislation,Abortion,0
102,media and entertainment,Royal Families,0
103,legal cases and criminal justice,Decisions and Verdicts,0
104,international relations and geopolitics,United States International Relations,0
105,politics and elections,Russian Invasion of Ukraine (2022),0
106,economic policy and business,AIRLINES AND AIRPLANES,0
107,politics and elections,internal-paywall-exempt,0
108,legal and judicial issues,Georgia Criminal Case Against Trump (2020 Election),0
109,media and entertainment,internal-storyline-no,0
110,political movements and foreign policy,Primaries and Caucuses,0
111,travel and tourism,Travel and Vacations,0
112,education and culture,Colleges and Universities,0
113,arts and performing arts,Culture (Arts),0
114,politics and elections,Elections,0
115,legal and judicial issues,Georgia Criminal Case Against Trump (2020 Election),0
116,media and entertainment,Movies,0
117,arts and performing arts,Art,0
118,international relations and geopolitics,International Relations,0
119,arts and performing arts,Dancing,0
120,arts and performing arts,Dancing,0
121,environment and climate,Global Warming,0
122,military conflict and strategy,Defense and Military Forces,0
123,reproductive rights legislation,Abortion,0
124,economic policy and business,Restaurants,0
125,arts and performing arts,Documentary Films and Programs,0
126,media and entertainment,"Murders, Attempted Murders and Homicides",0
127,health and science,Royal Families,0
128,politics and elections,Presidential Election of 2024,0
129,supreme court decisions and politics,Illegal Immigration,0
130,economic policy and business,Law and Legislation,0
131,fashion trends and design,Fashion and Apparel,0
132,international relations and geopolitics,United States International Relations,0
133,travel and tourism,AIRLINES AND AIRPLANES,0
134,music and cultural recognition,Culture (Arts),0
135,personal and lifestyle,Weddings and Engagements,0
136,media and entertainment,"Murders, Attempted Murders and Homicides",0
137,politics and elections,Elections,0
138,politics and elections,Illegal Immigration,0
139,social issues and activism,Books and Literature,0
140,arts and performing arts,Culture (Arts),0
141,arts and performing arts,Dancing,0
142,arts and performing arts,Classical Music,0
143,education policy and testing,internal-sub-only-nl,0
144,legal and judicial issues,Primaries and Caucuses,0
145,international conflicts and military actions,Palestinians,0
146,music and cultural recognition,Pop and Rock Music,0
147,legal and judicial issues,AIRLINES AND AIRPLANES,0
148,personal and lifestyle,Politics and Government,0
149,military conflict and strategy,Russian Invasion of Ukraine (2022),0
150,international relations and geopolitics,International Relations,0
151,social issues and activism,"Demonstrations, Protests and Riots",0
152,politics and elections,Georgia Criminal Case Against Trump (2020 Election),0
153,arts and performing arts,Books and Literature,0
154,politics and elections,Primaries and Caucuses,0
155,real estate and financial issues,Real Estate and Housing (Residential),0
156,political power dynamics,United States International Relations,0
157,media and entertainment,Documentary Films and Programs,0
158,media and entertainment,Movies,0
159,real estate and financial issues,Real Estate and Housing (Residential),0
160,economic policy and business,internal-storyline-no,0
161,economic policy and business,United States Economy,0
162,politics and elections,Presidential Election of 2024,0
163,legal cases and criminal justice,Georgia Criminal Case Against Trump (2020 Election),0
164,economic policy and business,United States Economy,0
165,economic policy and business,United States Economy,0
166,education and culture,Colleges and Universities,0
167,arts and performing arts,Classical Music,0
168,international relations and geopolitics,Decisions and Verdicts,0
169,supreme court decisions and politics,Decisions and Verdicts,0
170,arts and performing arts,Theater,0
171,legal and judicial issues,Illegal Immigration,0
172,politics and elections,Primaries and Caucuses,0
173,economic policy and business,Restaurants,0
174,politics and elections,Elections,0
175,demographics and social progress,Restaurants,0
176,education and culture,Restaurants,0
177,legal cases and criminal justice,New York State Criminal Case Against Trump (71543-23),0
178,media and entertainment,Culture (Arts),0
179,media and entertainment,Content Type: Personal Profile,0
180,media and entertainment,Social Media,0
181,arts and performing arts,Books and Literature,0
182,personal and lifestyle,Cooking and Cookbooks,0
183,personal and lifestyle,Weddings and Engagements,0
184,fashion trends and design,Fashion and Apparel,0
185,travel and tourism,Travel and Vacations,0
186,politics and elections,"Demonstrations, Protests and Riots",0
187,legal and judicial issues,internal-sub-only-nl,0
188,personal and lifestyle,Weddings and Engagements,0
189,travel and tourism,Travel and Vacations,0
190,social issues and activism,"Demonstrations, Protests and Riots",0
191,history and letters,internal-paywall-exempt,0
192,media and entertainment,Fashion and Apparel,0
193,economic policy and business,United States International Relations,0
194,history and letters,Deaths (Obituaries),0
195,legal cases and criminal justice,Georgia Criminal Case Against Trump (2020 Election),0
196,international conflicts and military actions,Russian Invasion of Ukraine (2022),0
197,supreme court decisions and politics,Decisions and Verdicts,0
198,reproductive rights legislation,Russian Invasion of Ukraine (2022),0
199,music and cultural recognition,Pop and Rock Music,0
200,arts and performing arts,Books and Literature,0
201,legal and judicial issues,audio-neutral-informative,0
202,legal and judicial issues,Colleges and Universities,0
203,legal and judicial issues,New York State Criminal Case Against Trump (71543-23),0
204,travel and tourism,Travel and Vacations,0
205,military conflict and strategy,Defense and Military Forces,0
206,travel and tourism,Art,0
207,health and science,Royal Families,0
208,political affiliations and opposition,Politics and Government,0
209,music and cultural recognition,Pop and Rock Music,0
210,social issues and activism,AIRLINES AND AIRPLANES,0
211,travel and tourism,Travel and Vacations,0
212,international law and human rights,Russian Invasion of Ukraine (2022),0
213,economic policy and business,Computers and the Internet,0
214,arts and performing arts,Theater,0
215,reproductive rights legislation,Abortion,0
216,politics and elections,internal-storyline-no,0
217,international relations and geopolitics,International Relations,0
218,history and letters,internal-paywall-exempt,0
219,social issues and activism,"Demonstrations, Protests and Riots",0
220,legal and judicial issues,New York State Criminal Case Against Trump (71543-23),0
221,media and entertainment,Culture (Arts),0
222,politics and elections,internal-paywall-exempt,0
223,legal and judicial issues,Television,0
224,social issues and activism,Israel-Gaza War (2023- ),0
225,legal cases and criminal justice,Decisions and Verdicts,0
226,media and entertainment,Dancing,0
227,real estate and financial issues,internal-storyline-no,0
228,arts and performing arts,Theater,0
229,international relations and geopolitics,International Relations,0
230,technology and innovation,Artificial Intelligence,0
231,supreme court decisions and politics,Law and Legislation,0
232,arts and performing arts,Dancing,0
233,music and cultural recognition,Pop and Rock Music,0
234,media and entertainment,Television,0
235,legal cases and criminal justice,United States Politics and Government,0
236,personal and lifestyle,Cooking and Cookbooks,0
237,international conflicts and military actions,Palestinians,0
238,social issues and activism,Israel-Gaza War (2023- ),0
239,health and science,Royal Families,0
240,history and letters,Books and Literature,0
241,social issues and activism,Weddings and Engagements,0
242,fashion trends and design,Weddings and Engagements,0
243,media and entertainment,Movies,0
244,social issues and activism,audio-neutral-informative,0
245,politics and elections,Elections,0
246,media and entertainment,Pop and Rock Music,0
247,media and entertainment,Television,0
248,personal and lifestyle,Real Estate and Housing (Residential),0
249,social issues and activism,"Demonstrations, Protests and Riots",0
250,politics and elections,Weddings and Engagements,0
251,politics and elections,Television,0
252,politics and elections,internal-paywall-exempt,0
253,international relations and geopolitics,Computers and the Internet,0
254,fashion trends and design,Documentary Films and Programs,0
255,politics and elections,Presidential Election of 2024,0
256,social issues and activism,Palestinians,0
257,politics and elections,Presidential Election of 2024,0
258,economic policy and business,United States Politics and Government,0
259,military conflict and strategy,Russian Invasion of Ukraine (2022),0
260,arts and performing arts,Restaurants,0
261,media and entertainment,Content Type: Personal Profile,0
262,travel and tourism,Travel and Vacations,0
263,arts and performing arts,Dancing,0
264,media and entertainment,Television,0
265,international relations and geopolitics,International Relations,0
266,economic policy and business,International Relations,0
267,international conflicts and military actions,Palestinians,0
268,arts and performing arts,Culture (Arts),0
269,economic policy and business,Social Media,0
270,health and science,your-feed-science,0
271,environmental health and pollution,Global Warming,0
272,economic policy and business,United States Economy,0
273,health and science,your-feed-science,0
274,economic policy and business,AIRLINES AND AIRPLANES,0
275,supreme court decisions and politics,Illegal Immigration,0
276,media and entertainment,Television,0
277,technology and innovation,Computers and the Internet,0
278,arts and performing arts,Classical Music,0
279,history and letters,Royal Families,0
280,education and culture,Colleges and Universities,0
281,international conflicts and military actions,Defense and Military Forces,0
282,arts and performing arts,Dancing,0
283,politics and elections,Primaries and Caucuses,0
284,economic policy and business,internal-sub-only-nl,0
285,politics and elections,Abortion,0
286,politics and elections,Presidential Election of 2024,0
287,international relations and geopolitics,Colleges and Universities,0
288,international relations and geopolitics,United States International Relations,0
289,politics and elections,Israel-Gaza War (2023- ),0
290,technology and innovation,Artificial Intelligence,0
291,politics and elections,Elections,0
292,health policy and vaccine misinformation,your-feed-science,0
293,media and entertainment,Documentary Films and Programs,0
294,technology and innovation,Global Warming,0
295,travel and tourism,Travel and Vacations,0
296,travel and tourism,Travel and Vacations,0
297,media and entertainment,audio-neutral-informative,0
298,international conflicts and military actions,Russian Invasion of Ukraine (2022),0
299,real estate and financial issues,Real Estate and Housing (Residential),0
300,media and entertainment,Television,0
301,economic policy and business,Artificial Intelligence,0
302,politics and elections,Colleges and Universities,0
303,judicial reform and legislation,Law and Legislation,0
304,political movements and foreign policy,United States Politics and Government,0
305,health activism and obesity,Content Type: Personal Profile,0
306,media and entertainment,Russian Invasion of Ukraine (2022),0
307,arts and performing arts,audio-neutral-informative,0
308,social issues and activism,"Murders, Attempted Murders and Homicides",0
309,international court of justice,internal-sub-only-nl,0
310,health and science,Royal Families,0
311,military conflict and strategy,Israel-Gaza War (2023- ),0
312,natural disasters and personal stories,Weddings and Engagements,0
313,urban community projects,Social Media,0
314,legal and judicial issues,Law and Legislation,0
315,real estate and financial issues,Real Estate and Housing (Residential),0
316,international relations and geopolitics,United States International Relations,0
317,arts and performing arts,Art,0
318,politics and elections,Law and Legislation,0
319,social issues and activism,audio-neutral-informative,0
320,international conflicts and military actions,Israel-Gaza War (2023- ),0
321,reproductive rights legislation,Abortion,0
322,music and cultural recognition,Pop and Rock Music,0
323,art curation and geopolitics,Art,0
324,legal and judicial issues,Elections,0
325,climate change and military,Politics and Government,0
326,film diversity and tone,Fashion and Apparel,0
327,legal and judicial issues,New York State Criminal Case Against Trump (71543-23),0
328,music and cultural recognition,Pop and Rock Music,0
329,arts and performing arts,Classical Music,0
330,media and entertainment,Movies,0
331,urban community projects,Real Estate and Housing (Residential),0
332,health and science,Weddings and Engagements,0
333,economic policy and business,internal-storyline-no,0
334,arts and performing arts,Theater,0
335,legal cases and criminal justice,New York State Criminal Case Against Trump (71543-23),0
336,health and science,your-feed-science,0
337,arts and performing arts,Theater,0
338,international conflicts and military actions,Politics and Government,0
339,legal cases and criminal justice,"Murders, Attempted Murders and Homicides",0
340,legal and judicial issues,Georgia Criminal Case Against Trump (2020 Election),0
341,reproductive rights legislation,Abortion,0
342,politics and elections,internal-paywall-exempt,0
343,politics and elections,Politics and Government,0
344,international relations and geopolitics,Illegal Immigration,0
345,fashion trends and design,Fashion and Apparel,0
346,real estate and financial issues,International Relations,0
347,economic impact of technology,Artificial Intelligence,0
348,arts and performing arts,Art,0
349,education policy and testing,Colleges and Universities,0
350,international relations and geopolitics,Social Media,0
351,fashion trends and design,Deaths (Obituaries),0
352,digital censorship and technology,Computers and the Internet,0
353,legal and judicial issues,"Demonstrations, Protests and Riots",0
354,legal cases and criminal justice,"Murders, Attempted Murders and Homicides",0
355,legal and judicial issues,Georgia Criminal Case Against Trump (2020 Election),0
356,economic theory and business cycles,United States Economy,0
357,legal cases and criminal justice,United States International Relations,0
358,media and entertainment,Movies,0
359,media and entertainment,Social Media,0
360,political satire and commentary,Television,0
361,military conflict and strategy,Israel-Gaza War (2023- ),0
362,technology and innovation,internal-storyline-no,0
363,personal and lifestyle,Cooking and Cookbooks,0
364,celebrity and legal residency,Royal Families,0
365,media and entertainment,Deaths (Obituaries),0
366,politics and elections,internal-paywall-exempt,0
367,technology and innovation,your-feed-science,0
368,international conflicts and military actions,Defense and Military Forces,0
369,politics and elections,Artificial Intelligence,0
370,legal cases and criminal justice,New York State Criminal Case Against Trump (71543-23),0
371,political power dynamics,Colleges and Universities,0
372,arts and performing arts,Movies,0
373,legal cases and criminal justice,"Murders, Attempted Murders and Homicides",0
374,war reporting and human impact,Israel-Gaza War (2023- ),0
375,politics and elections,United States Politics and Government,0
376,legal cases and criminal justice,Decisions and Verdicts,0
377,health and science,your-feed-science,0
378,legal and judicial issues,New York State Criminal Case Against Trump (71543-23),0
379,international relations and geopolitics,International Relations,0
380,environment and climate,Global Warming,0
381,international conflicts and military actions,Palestinians,0
382,international conflicts and military actions,Defense and Military Forces,0
383,antitrust and tech regulation,Artificial Intelligence,0
384,cultural symbolism and art,internal-storyline-no,0
385,arts and performing arts,Content Type: Personal Profile,0
386,music and cultural recognition,Classical Music,0
387,corporate influence and public spending,Computers and the Internet,0
388,fashion trends and design,Fashion and Apparel,0
389,arts and performing arts,Art,0
390,social issues and activism,United States Economy,0
391,personal and lifestyle,Real Estate and Housing (Residential),0
392,health and science,Cooking and Cookbooks,0
393,theater and moral themes,Theater,0
394,film diversity and tone,Documentary Films and Programs,0
395,reproductive rights legislation,Law and Legislation,0
396,digital privacy and online safety,Social Media,0
397,legal and judicial issues,Georgia Criminal Case Against Trump (2020 Election),0
398,political power dynamics,audio-neutral-informative,0
399,political affiliations and opposition,United States Politics and Government,0
