,topic_name,ground_truth,run
0,media and entertainment,Fashion and Apparel,0
1,legal and judicial issues,Decisions and Verdicts,0
2,labor and workforce,internal-sub-only-nl,0
3,entertainment and arts,Deaths (Obituaries),0
4,labor and workforce,"Demonstrations, Protests and Riots",0
5,corporate regulations,AIRLINES AND AIRPLANES,0
6,legal and judicial issues,Decisions and Verdicts,0
7,international law,Palestinians,0
8,immigration policies,Illegal Immigration,0
9,media and entertainment,Documentary Films and Programs,0
10,international conflicts,Palestinians,0
11,media and entertainment,Art,0
12,international conflicts,Defense and Military Forces,0
13,legal investigations,AIRLINES AND AIRPLANES,0
14,politics and government,internal-paywall-exempt,0
15,political elections,Politics and Government,0
16,international conflicts,Palestinians,0
17,scientific research,your-feed-science,0
18,politics and government,"Demonstrations, Protests and Riots",0
19,business and economy,Restaurants,0
20,media and entertainment,Pop and Rock Music,0
21,health and science,your-feed-science,0
22,healthcare access,Politics and Government,0
23,media and entertainment,Content Type: Personal Profile,0
24,social issues,Real Estate and Housing (Residential),0
25,technology and innovation,Computers and the Internet,0
26,media and entertainment,Culture (Arts),0
27,political campaigns,Primaries and Caucuses,0
28,digital technology,Social Media,0
29,politics and government,Politics and Government,0
30,political campaigns,Presidential Election of 2024,0
31,social and cultural trends,Fashion and Apparel,0
32,entertainment and arts,Classical Music,0
33,social and cultural trends,Cooking and Cookbooks,0
34,cultural studies,Deaths (Obituaries),0
35,health and science,Royal Families,0
36,geopolitical events,Documentary Films and Programs,0
37,environment and climate,Global Warming,0
38,environment and climate,internal-storyline-no,0
39,political elections,Elections,0
40,political elections,United States Politics and Government,0
41,legal and judicial issues,Law and Legislation,0
42,economic policies,Law and Legislation,0
43,personal lifestyle,Restaurants,0
44,entertainment and arts,Art,0
45,labor and workforce,Restaurants,0
46,political campaigns,audio-neutral-informative,0
47,geopolitical events,Defense and Military Forces,0
48,technological ethics,Artificial Intelligence,0
49,digital platforms,Computers and the Internet,0
50,crime and justice,"Murders, Attempted Murders and Homicides",0
51,social issues,Books and Literature,0
52,business and economy,AIRLINES AND AIRPLANES,0
53,politics and government,United States Politics and Government,0
54,politics and government,United States Politics and Government,0
55,international relations,United States International Relations,0
56,environmental impact,Global Warming,0
57,public health,internal-sub-only-nl,0
58,art and culture,Dancing,0
59,political elections,Primaries and Caucuses,0
60,entertainment and arts,Theater,0
61,legal and judicial issues,Illegal Immigration,0
62,media and entertainment,Documentary Films and Programs,0
63,business and economy,United States Economy,0
64,politics and government,Theater,0
65,immigration policies,Illegal Immigration,0
66,media and entertainment,Books and Literature,0
67,political elections,Presidential Election of 2024,0
68,political elections,Presidential Election of 2024,0
69,media and entertainment,Content Type: Personal Profile,0
70,legal and judicial issues,Abortion,0
71,social and cultural trends,Cooking and Cookbooks,0
72,immigration policies,Deaths (Obituaries),0
73,crime and justice,"Murders, Attempted Murders and Homicides",0
74,political elections,Elections,0
75,social and cultural trends,audio-neutral-informative,0
76,social and cultural trends,United States Economy,0
77,media and entertainment,Content Type: Personal Profile,0
78,environment and climate,Global Warming,0
79,social issues,Cooking and Cookbooks,0
80,personal lifestyle,Cooking and Cookbooks,0
81,environment and climate,Global Warming,0
82,legal and judicial issues,New York State Criminal Case Against Trump (71543-23),0
83,media and entertainment,Content Type: Personal Profile,0
84,legal and judicial issues,Deaths (Obituaries),0
85,politics and government,Computers and the Internet,0
86,personal lifestyle,Movies,0
87,art and culture,Deaths (Obituaries),0
88,immigration policies,internal-sub-only-nl,0
89,geopolitical events,Israel-Gaza War (2023- ),0
90,media and entertainment,Books and Literature,0
91,entertainment and arts,Classical Music,0
92,entertainment and arts,Classical Music,0
93,social activism,Social Media,0
94,business and economy,Artificial Intelligence,0
95,media and entertainment,Movies,0
96,legal and judicial issues,Abortion,0
97,politics and government,internal-sub-only-nl,0
98,political elections,Primaries and Caucuses,0
99,international conflicts,Defense and Military Forces,0
100,media and entertainment,Culture (Arts),0
101,legal and judicial issues,Abortion,0
102,media and entertainment,Royal Families,0
103,crime and justice,Decisions and Verdicts,0
104,international conflicts,United States International Relations,0
105,politics and government,Russian Invasion of Ukraine (2022),0
106,corporate regulations,AIRLINES AND AIRPLANES,0
107,political elections,internal-paywall-exempt,0
108,legal investigations,Georgia Criminal Case Against Trump (2020 Election),0
109,media and entertainment,internal-storyline-no,0
110,politics and government,Primaries and Caucuses,0
111,social and cultural trends,Travel and Vacations,0
112,education,Colleges and Universities,0
113,art and culture,Culture (Arts),0
114,politics and government,Elections,0
115,legal and judicial issues,Georgia Criminal Case Against Trump (2020 Election),0
116,media and entertainment,Movies,0
117,entertainment and arts,Art,0
118,politics and government,International Relations,0
119,entertainment and arts,Dancing,0
120,health trends,Dancing,0
121,environmental policy,Global Warming,0
122,technology and innovation,Defense and Military Forces,0
123,politics and government,Abortion,0
124,business and economy,Restaurants,0
125,media and entertainment,Documentary Films and Programs,0
126,media and entertainment,"Murders, Attempted Murders and Homicides",0
127,politics and government,Royal Families,0
128,political campaigns,Presidential Election of 2024,0
129,immigration policies,Illegal Immigration,0
130,economic policies,Law and Legislation,0
131,social and cultural trends,Fashion and Apparel,0
132,international relations,United States International Relations,0
133,business and economy,AIRLINES AND AIRPLANES,0
134,media and entertainment,Culture (Arts),0
135,education,Weddings and Engagements,0
136,crime and justice,"Murders, Attempted Murders and Homicides",0
137,political elections,Elections,0
138,political campaigns,Illegal Immigration,0
139,social issues,Books and Literature,0
140,health trends,Culture (Arts),0
141,entertainment and arts,Dancing,0
142,art and culture,Classical Music,0
143,education,internal-sub-only-nl,0
144,politics and government,Primaries and Caucuses,0
145,politics and government,Palestinians,0
146,media and entertainment,Pop and Rock Music,0
147,crime and justice,AIRLINES AND AIRPLANES,0
148,social issues,Politics and Government,0
149,international conflicts,Russian Invasion of Ukraine (2022),0
150,international conflicts,International Relations,0
151,labor and workforce,"Demonstrations, Protests and Riots",0
152,legal and judicial issues,Georgia Criminal Case Against Trump (2020 Election),0
153,media and entertainment,Books and Literature,0
154,political elections,Primaries and Caucuses,0
155,business and economy,Real Estate and Housing (Residential),0
156,politics and government,United States International Relations,0
157,media and entertainment,Documentary Films and Programs,0
158,media and entertainment,Movies,0
159,politics and government,Real Estate and Housing (Residential),0
160,business and economy,internal-storyline-no,0
161,business and economy,United States Economy,0
162,political campaigns,Presidential Election of 2024,0
163,legal and judicial issues,Georgia Criminal Case Against Trump (2020 Election),0
164,business and economy,United States Economy,0
165,business and economy,United States Economy,0
166,education,Colleges and Universities,0
167,entertainment and arts,Classical Music,0
168,international relations,Decisions and Verdicts,0
169,legal and judicial issues,Decisions and Verdicts,0
170,media and entertainment,Theater,0
171,legal and judicial issues,Illegal Immigration,0
172,political campaigns,Primaries and Caucuses,0
173,business and economy,Restaurants,0
174,political elections,Elections,0
175,business and economy,Restaurants,0
176,social and cultural trends,Restaurants,0
177,legal and judicial issues,New York State Criminal Case Against Trump (71543-23),0
178,media and entertainment,Culture (Arts),0
179,media and entertainment,Content Type: Personal Profile,0
180,media and entertainment,Social Media,0
181,media and entertainment,Books and Literature,0
182,personal lifestyle,Cooking and Cookbooks,0
183,social issues,Weddings and Engagements,0
184,media and entertainment,Fashion and Apparel,0
185,media and entertainment,Travel and Vacations,0
186,political campaigns,"Demonstrations, Protests and Riots",0
187,legal and judicial issues,internal-sub-only-nl,0
188,social issues,Weddings and Engagements,0
189,business and economy,Travel and Vacations,0
190,social activism,"Demonstrations, Protests and Riots",0
191,politics and government,internal-paywall-exempt,0
192,social and cultural trends,Fashion and Apparel,0
193,economic policies,United States International Relations,0
194,media and entertainment,Deaths (Obituaries),0
195,crime and justice,Georgia Criminal Case Against Trump (2020 Election),0
196,international conflicts,Russian Invasion of Ukraine (2022),0
197,legal and judicial issues,Decisions and Verdicts,0
198,legal and judicial issues,Russian Invasion of Ukraine (2022),0
199,media and entertainment,Pop and Rock Music,0
200,social issues,Books and Literature,0
201,crime and justice,audio-neutral-informative,0
202,legal and judicial issues,Colleges and Universities,0
203,legal and judicial issues,New York State Criminal Case Against Trump (71543-23),0
204,social and cultural trends,Travel and Vacations,0
205,international conflicts,Defense and Military Forces,0
206,media and entertainment,Art,0
207,media and entertainment,Royal Families,0
208,politics and government,Politics and Government,0
209,media and entertainment,Pop and Rock Music,0
210,social issues,AIRLINES AND AIRPLANES,0
211,social and cultural trends,Travel and Vacations,0
212,social justice,Russian Invasion of Ukraine (2022),0
213,economic policies,Computers and the Internet,0
214,social justice,Theater,0
215,legal and judicial issues,Abortion,0
216,political elections,internal-storyline-no,0
217,international relations,International Relations,0
218,politics and government,internal-paywall-exempt,0
219,immigration policies,"Demonstrations, Protests and Riots",0
220,legal and judicial issues,New York State Criminal Case Against Trump (71543-23),0
221,media and entertainment,Culture (Arts),0
222,political elections,internal-paywall-exempt,0
223,legal and judicial issues,Television,0
224,social activism,Israel-Gaza War (2023- ),0
225,crime and justice,Decisions and Verdicts,0
226,media and entertainment,Dancing,0
227,social issues,internal-storyline-no,0
228,entertainment and arts,Theater,0
229,international conflicts,International Relations,0
230,technology and innovation,Artificial Intelligence,0
231,legal and judicial issues,Law and Legislation,0
232,health trends,Dancing,0
233,media and entertainment,Pop and Rock Music,0
234,media and entertainment,Television,0
235,legal and judicial issues,United States Politics and Government,0
236,social issues,Cooking and Cookbooks,0
237,international conflicts,Palestinians,0
238,social issues,Israel-Gaza War (2023- ),0
239,health and science,Royal Families,0
240,politics and government,Books and Literature,0
241,social activism,Weddings and Engagements,0
242,social and cultural trends,Weddings and Engagements,0
243,education,Movies,0
244,social activism,audio-neutral-informative,0
245,political elections,Elections,0
246,media and entertainment,Pop and Rock Music,0
247,media and entertainment,Television,0
248,personal lifestyle,Real Estate and Housing (Residential),0
249,social activism,"Demonstrations, Protests and Riots",0
250,politics and government,Weddings and Engagements,0
251,political campaigns,Television,0
252,political elections,internal-paywall-exempt,0
253,geopolitical events,Computers and the Internet,0
254,media and entertainment,Documentary Films and Programs,0
255,politics and government,Presidential Election of 2024,0
256,international conflicts,Palestinians,0
257,politics and government,Presidential Election of 2024,0
258,economic policies,United States Politics and Government,0
259,international conflicts,Russian Invasion of Ukraine (2022),0
260,art and culture,Restaurants,0
261,media and entertainment,Content Type: Personal Profile,0
262,personal lifestyle,Travel and Vacations,0
263,entertainment and arts,Dancing,0
264,media and entertainment,Television,0
265,international relations,International Relations,0
266,international trade,International Relations,0
267,international conflicts,Palestinians,0
268,health trends,Culture (Arts),0
269,business and economy,Social Media,0
270,scientific research,your-feed-science,0
271,public health,Global Warming,0
272,economic policies,United States Economy,0
273,health and science,your-feed-science,0
274,business and economy,AIRLINES AND AIRPLANES,0
275,legal and judicial issues,Illegal Immigration,0
276,media and entertainment,Television,0
277,technology and innovation,Computers and the Internet,0
278,entertainment and arts,Classical Music,0
279,politics and government,Royal Families,0
280,education,Colleges and Universities,0
281,international conflicts,Defense and Military Forces,0
282,health trends,Dancing,0
283,political elections,Primaries and Caucuses,0
284,politics and government,internal-sub-only-nl,0
285,political elections,Abortion,0
286,political elections,Presidential Election of 2024,0
287,politics and government,Colleges and Universities,0
288,international relations,United States International Relations,0
289,politics and government,Israel-Gaza War (2023- ),0
290,technology and innovation,Artificial Intelligence,0
291,political elections,Elections,0
292,health and science,your-feed-science,0
293,media and entertainment,Documentary Films and Programs,0
294,technology and innovation,Global Warming,0
295,entertainment and arts,Travel and Vacations,0
296,business and economy,Travel and Vacations,0
297,media and entertainment,audio-neutral-informative,0
298,international conflicts,Russian Invasion of Ukraine (2022),0
299,business and economy,Real Estate and Housing (Residential),0
300,media and entertainment,Television,0
301,corporate governance,Artificial Intelligence,0
302,politics and government,Colleges and Universities,0
303,legal and judicial issues,Law and Legislation,0
304,politics and government,United States Politics and Government,0
305,social activism,Content Type: Personal Profile,0
306,media and entertainment,Russian Invasion of Ukraine (2022),0
307,media and entertainment,audio-neutral-informative,0
308,social issues,"Murders, Attempted Murders and Homicides",0
309,international law,internal-sub-only-nl,0
310,politics and government,Royal Families,0
311,international conflicts,Israel-Gaza War (2023- ),0
312,environment and climate,Weddings and Engagements,0
313,social issues,Social Media,0
314,corporate regulations,Law and Legislation,0
315,business and economy,Real Estate and Housing (Residential),0
316,international relations,United States International Relations,0
317,entertainment and arts,Art,0
318,politics and government,Law and Legislation,0
319,social and cultural trends,audio-neutral-informative,0
320,international conflicts,Israel-Gaza War (2023- ),0
321,politics and government,Abortion,0
322,media and entertainment,Pop and Rock Music,0
323,art and culture,Art,0
324,politics and government,Elections,0
325,environment and climate,Politics and Government,0
326,media and entertainment,Fashion and Apparel,0
327,legal and judicial issues,New York State Criminal Case Against Trump (71543-23),0
328,media and entertainment,Pop and Rock Music,0
329,entertainment and arts,Classical Music,0
330,media and entertainment,Movies,0
331,social activism,Real Estate and Housing (Residential),0
332,education,Weddings and Engagements,0
333,business and economy,internal-storyline-no,0
334,entertainment and arts,Theater,0
335,legal and judicial issues,New York State Criminal Case Against Trump (71543-23),0
336,scientific research,your-feed-science,0
337,entertainment and arts,Theater,0
338,international conflicts,Politics and Government,0
339,crime and justice,"Murders, Attempted Murders and Homicides",0
340,legal and judicial issues,Georgia Criminal Case Against Trump (2020 Election),0
341,politics and government,Abortion,0
342,political elections,internal-paywall-exempt,0
343,political elections,Politics and Government,0
344,immigration policies,Illegal Immigration,0
345,social and cultural trends,Fashion and Apparel,0
346,social justice,International Relations,0
347,labor and workforce,Artificial Intelligence,0
348,entertainment and arts,Art,0
349,education,Colleges and Universities,0
350,international relations,Social Media,0
351,art and culture,Deaths (Obituaries),0
352,digital platforms,Computers and the Internet,0
353,legal and judicial issues,"Demonstrations, Protests and Riots",0
354,crime and justice,"Murders, Attempted Murders and Homicides",0
355,legal and judicial issues,Georgia Criminal Case Against Trump (2020 Election),0
356,business and economy,United States Economy,0
357,legal and judicial issues,United States International Relations,0
358,media and entertainment,Movies,0
359,media and entertainment,Social Media,0
360,politics and government,Television,0
361,international conflicts,Israel-Gaza War (2023- ),0
362,legal and judicial issues,internal-storyline-no,0
363,personal lifestyle,Cooking and Cookbooks,0
364,legal and judicial issues,Royal Families,0
365,media and entertainment,Deaths (Obituaries),0
366,political elections,internal-paywall-exempt,0
367,technology and innovation,your-feed-science,0
368,international conflicts,Defense and Military Forces,0
369,political campaigns,Artificial Intelligence,0
370,crime and justice,New York State Criminal Case Against Trump (71543-23),0
371,politics and government,Colleges and Universities,0
372,media and entertainment,Movies,0
373,legal reforms,"Murders, Attempted Murders and Homicides",0
374,social issues,Israel-Gaza War (2023- ),0
375,political campaigns,United States Politics and Government,0
376,legal and judicial issues,Decisions and Verdicts,0
377,scientific research,your-feed-science,0
378,legal and judicial issues,New York State Criminal Case Against Trump (71543-23),0
379,political campaigns,International Relations,0
380,environmental policy,Global Warming,0
381,international conflicts,Palestinians,0
382,international conflicts,Defense and Military Forces,0
383,corporate regulations,Artificial Intelligence,0
384,art and culture,internal-storyline-no,0
385,entertainment and arts,Content Type: Personal Profile,0
386,entertainment and arts,Classical Music,0
387,legal and judicial issues,Computers and the Internet,0
388,media and entertainment,Fashion and Apparel,0
389,health trends,Art,0
390,social issues,United States Economy,0
391,personal lifestyle,Real Estate and Housing (Residential),0
392,personal lifestyle,Cooking and Cookbooks,0
393,media and entertainment,Theater,0
394,media and entertainment,Documentary Films and Programs,0
395,legal and judicial issues,Law and Legislation,0
396,social issues,Social Media,0
397,legal and judicial issues,Georgia Criminal Case Against Trump (2020 Election),0
398,politics and government,audio-neutral-informative,0
399,politics and government,United States Politics and Government,0
