,topic_name,ground_truth,run
0,environment,Fashion and Apparel,0
1,democrats,Decisions and Verdicts,0
2,pride,internal-sub-only-nl,0
3,pride,Deaths (Obituaries),0
4,democrats,"Demonstrations, Protests and Riots",0
5,2024,AIRLINES AND AIRPLANES,0
6,democrats,Decisions and Verdicts,0
7,security,Palestinians,0
8,states,Illegal Immigration,0
9,democrats,Documentary Films and Programs,0
10,democrats,Palestinians,0
11,democrats,Art,0
12,2024,Defense and Military Forces,0
13,democrats,AIRLINES AND AIRPLANES,0
14,democrats,internal-paywall-exempt,0
15,democrats,Politics and Government,0
16,pride,Palestinians,0
17,democrats,your-feed-science,0
18,voters,"Demonstrations, Protests and Riots",0
19,democrats,Restaurants,0
20,pride,Pop and Rock Music,0
21,environment,your-feed-science,0
22,states,Politics and Government,0
23,pride,Content Type: Personal Profile,0
24,environment,Real Estate and Housing (Residential),0
25,pride,Computers and the Internet,0
26,environment,Culture (Arts),0
27,democrats,Primaries and Caucuses,0
28,pride,Social Media,0
29,democrats,Politics and Government,0
30,campaigns,Presidential Election of 2024,0
31,pride,Fashion and Apparel,0
32,environment,Classical Music,0
33,democrats,Cooking and Cookbooks,0
34,environment,Deaths (Obituaries),0
35,democrats,Royal Families,0
36,environment,Documentary Films and Programs,0
37,environment,Global Warming,0
38,democrats,internal-storyline-no,0
39,democrats,Elections,0
40,democrats,United States Politics and Government,0
41,environment,Law and Legislation,0
42,democrats,Law and Legislation,0
43,environment,Restaurants,0
44,pride,Art,0
45,democrats,Restaurants,0
46,democrats,audio-neutral-informative,0
47,democrats,Defense and Military Forces,0
48,pride,Artificial Intelligence,0
49,democrats,Computers and the Internet,0
50,democrats,"Murders, Attempted Murders and Homicides",0
51,pride,Books and Literature,0
52,pride,AIRLINES AND AIRPLANES,0
53,democrats,United States Politics and Government,0
54,democrats,United States Politics and Government,0
55,issues,United States International Relations,0
56,environment,Global Warming,0
57,democrats,internal-sub-only-nl,0
58,democrats,Dancing,0
59,republicans,Primaries and Caucuses,0
60,republicans,Theater,0
61,states,Illegal Immigration,0
62,pride,Documentary Films and Programs,0
63,2024,United States Economy,0
64,policy,Theater,0
65,pride,Illegal Immigration,0
66,democrats,Books and Literature,0
67,democrats,Presidential Election of 2024,0
68,democrats,Presidential Election of 2024,0
69,democrats,Content Type: Personal Profile,0
70,states,Abortion,0
71,environment,Cooking and Cookbooks,0
72,government,Deaths (Obituaries),0
73,democrats,"Murders, Attempted Murders and Homicides",0
74,president,Elections,0
75,pride,audio-neutral-informative,0
76,democrats,United States Economy,0
77,policy,Content Type: Personal Profile,0
78,pride,Global Warming,0
79,environment,Cooking and Cookbooks,0
80,environment,Cooking and Cookbooks,0
81,environment,Global Warming,0
82,decision,New York State Criminal Case Against Trump (71543-23),0
83,environment,Content Type: Personal Profile,0
84,environment,Deaths (Obituaries),0
85,issues,Computers and the Internet,0
86,primary,Movies,0
87,democrats,Deaths (Obituaries),0
88,issues,internal-sub-only-nl,0
89,democrats,Israel-Gaza War (2023- ),0
90,democrats,Books and Literature,0
91,democrats,Classical Music,0
92,environment,Classical Music,0
93,democrats,Social Media,0
94,democrats,Artificial Intelligence,0
95,pride,Movies,0
96,democrats,Abortion,0
97,pride,internal-sub-only-nl,0
98,democrats,Primaries and Caucuses,0
99,issues,Defense and Military Forces,0
100,pride,Culture (Arts),0
101,democrats,Abortion,0
102,environment,Royal Families,0
103,pride,Decisions and Verdicts,0
104,democrats,United States International Relations,0
105,democrats,Russian Invasion of Ukraine (2022),0
106,democrats,AIRLINES AND AIRPLANES,0
107,democrats,internal-paywall-exempt,0
108,democrats,Georgia Criminal Case Against Trump (2020 Election),0
109,democrats,internal-storyline-no,0
110,voters,Primaries and Caucuses,0
111,environment,Travel and Vacations,0
112,democrats,Colleges and Universities,0
113,environment,Culture (Arts),0
114,democrats,Elections,0
115,democrats,Georgia Criminal Case Against Trump (2020 Election),0
116,democrats,Movies,0
117,environment,Art,0
118,democrats,International Relations,0
119,pride,Dancing,0
120,pride,Dancing,0
121,environment,Global Warming,0
122,democrats,Defense and Military Forces,0
123,democrats,Abortion,0
124,democrats,Restaurants,0
125,environment,Documentary Films and Programs,0
126,pride,"Murders, Attempted Murders and Homicides",0
127,democrats,Royal Families,0
128,states,Presidential Election of 2024,0
129,democrats,Illegal Immigration,0
130,issues,Law and Legislation,0
131,2024,Fashion and Apparel,0
132,decision,United States International Relations,0
133,pride,AIRLINES AND AIRPLANES,0
134,democrats,Culture (Arts),0
135,environment,Weddings and Engagements,0
136,democrats,"Murders, Attempted Murders and Homicides",0
137,democrats,Elections,0
138,republicans,Illegal Immigration,0
139,pride,Books and Literature,0
140,environment,Culture (Arts),0
141,pride,Dancing,0
142,democrats,Classical Music,0
143,environment,internal-sub-only-nl,0
144,democrats,Primaries and Caucuses,0
145,pride,Palestinians,0
146,environment,Pop and Rock Music,0
147,2024,AIRLINES AND AIRPLANES,0
148,policy,Politics and Government,0
149,democrats,Russian Invasion of Ukraine (2022),0
150,issues,International Relations,0
151,democrats,"Demonstrations, Protests and Riots",0
152,democrats,Georgia Criminal Case Against Trump (2020 Election),0
153,environment,Books and Literature,0
154,states,Primaries and Caucuses,0
155,environment,Real Estate and Housing (Residential),0
156,democrats,United States International Relations,0
157,issues,Documentary Films and Programs,0
158,environment,Movies,0
159,environment,Real Estate and Housing (Residential),0
160,democrats,internal-storyline-no,0
161,democrats,United States Economy,0
162,democrats,Presidential Election of 2024,0
163,democrats,Georgia Criminal Case Against Trump (2020 Election),0
164,democrats,United States Economy,0
165,democrats,United States Economy,0
166,democrats,Colleges and Universities,0
167,democrats,Classical Music,0
168,democrats,Decisions and Verdicts,0
169,democrats,Decisions and Verdicts,0
170,environment,Theater,0
171,companies,Illegal Immigration,0
172,democrats,Primaries and Caucuses,0
173,democrats,Restaurants,0
174,democrats,Elections,0
175,democrats,Restaurants,0
176,business,Restaurants,0
177,renovation,New York State Criminal Case Against Trump (71543-23),0
178,democrats,Culture (Arts),0
179,pride,Content Type: Personal Profile,0
180,democrats,Social Media,0
181,democrats,Books and Literature,0
182,democrats,Cooking and Cookbooks,0
183,democrats,Weddings and Engagements,0
184,fashion,Fashion and Apparel,0
185,pride,Travel and Vacations,0
186,democrats,"Demonstrations, Protests and Riots",0
187,democrats,internal-sub-only-nl,0
188,democrats,Weddings and Engagements,0
189,democrats,Travel and Vacations,0
190,democrats,"Demonstrations, Protests and Riots",0
191,democrats,internal-paywall-exempt,0
192,pride,Fashion and Apparel,0
193,democrats,United States International Relations,0
194,democrats,Deaths (Obituaries),0
195,elections,Georgia Criminal Case Against Trump (2020 Election),0
196,pride,Russian Invasion of Ukraine (2022),0
197,democrats,Decisions and Verdicts,0
198,democrats,Russian Invasion of Ukraine (2022),0
199,democrats,Pop and Rock Music,0
200,environment,Books and Literature,0
201,democrats,audio-neutral-informative,0
202,homesickness,Colleges and Universities,0
203,democrats,New York State Criminal Case Against Trump (71543-23),0
204,pride,Travel and Vacations,0
205,pride,Defense and Military Forces,0
206,democrats,Art,0
207,democrats,Royal Families,0
208,democrats,Politics and Government,0
209,environment,Pop and Rock Music,0
210,issues,AIRLINES AND AIRPLANES,0
211,environment,Travel and Vacations,0
212,pride,Russian Invasion of Ukraine (2022),0
213,primary,Computers and the Internet,0
214,democrats,Theater,0
215,campaigns,Abortion,0
216,voters,internal-storyline-no,0
217,president,International Relations,0
218,democrats,internal-paywall-exempt,0
219,states,"Demonstrations, Protests and Riots",0
220,democrats,New York State Criminal Case Against Trump (71543-23),0
221,environment,Culture (Arts),0
222,elections,internal-paywall-exempt,0
223,democrats,Television,0
224,democrats,Israel-Gaza War (2023- ),0
225,democrats,Decisions and Verdicts,0
226,environment,Dancing,0
227,environment,internal-storyline-no,0
228,pride,Theater,0
229,2024,International Relations,0
230,environment,Artificial Intelligence,0
231,democrats,Law and Legislation,0
232,environment,Dancing,0
233,democrats,Pop and Rock Music,0
234,democrats,Television,0
235,decision,United States Politics and Government,0
236,environment,Cooking and Cookbooks,0
237,democrats,Palestinians,0
238,democrats,Israel-Gaza War (2023- ),0
239,environment,Royal Families,0
240,democrats,Books and Literature,0
241,democrats,Weddings and Engagements,0
242,democrats,Weddings and Engagements,0
243,environment,Movies,0
244,environment,audio-neutral-informative,0
245,democrats,Elections,0
246,environment,Pop and Rock Music,0
247,democrats,Television,0
248,democrats,Real Estate and Housing (Residential),0
249,policy,"Demonstrations, Protests and Riots",0
250,pride,Weddings and Engagements,0
251,democrats,Television,0
252,democrats,internal-paywall-exempt,0
253,democrats,Computers and the Internet,0
254,issues,Documentary Films and Programs,0
255,democrats,Presidential Election of 2024,0
256,2024,Palestinians,0
257,democrats,Presidential Election of 2024,0
258,democrats,United States Politics and Government,0
259,democrats,Russian Invasion of Ukraine (2022),0
260,democrats,Restaurants,0
261,republicans,Content Type: Personal Profile,0
262,environment,Travel and Vacations,0
263,environment,Dancing,0
264,pride,Television,0
265,issues,International Relations,0
266,issues,International Relations,0
267,democrats,Palestinians,0
268,environment,Culture (Arts),0
269,2024,Social Media,0
270,environment,your-feed-science,0
271,pride,Global Warming,0
272,security,United States Economy,0
273,democrats,your-feed-science,0
274,states,AIRLINES AND AIRPLANES,0
275,states,Illegal Immigration,0
276,pride,Television,0
277,democrats,Computers and the Internet,0
278,democrats,Classical Music,0
279,pride,Royal Families,0
280,democrats,Colleges and Universities,0
281,issues,Defense and Military Forces,0
282,pride,Dancing,0
283,democrats,Primaries and Caucuses,0
284,policy,internal-sub-only-nl,0
285,voters,Abortion,0
286,democrats,Presidential Election of 2024,0
287,democrats,Colleges and Universities,0
288,democrats,United States International Relations,0
289,democrats,Israel-Gaza War (2023- ),0
290,democrats,Artificial Intelligence,0
291,democrats,Elections,0
292,pride,your-feed-science,0
293,environment,Documentary Films and Programs,0
294,environment,Global Warming,0
295,environment,Travel and Vacations,0
296,democrats,Travel and Vacations,0
297,democrats,audio-neutral-informative,0
298,pride,Russian Invasion of Ukraine (2022),0
299,democrats,Real Estate and Housing (Residential),0
300,democrats,Television,0
301,democrats,Artificial Intelligence,0
302,democrats,Colleges and Universities,0
303,issues,Law and Legislation,0
304,democrats,United States Politics and Government,0
305,pride,Content Type: Personal Profile,0
306,democrats,Russian Invasion of Ukraine (2022),0
307,environment,audio-neutral-informative,0
308,democrats,"Murders, Attempted Murders and Homicides",0
309,human rights,internal-sub-only-nl,0
310,democrats,Royal Families,0
311,issues,Israel-Gaza War (2023- ),0
312,democrats,Weddings and Engagements,0
313,democrats,Social Media,0
314,states,Law and Legislation,0
315,environment,Real Estate and Housing (Residential),0
316,democrats,United States International Relations,0
317,democrats,Art,0
318,democrats,Law and Legislation,0
319,environment,audio-neutral-informative,0
320,2024,Israel-Gaza War (2023- ),0
321,states,Abortion,0
322,environment,Pop and Rock Music,0
323,democrats,Art,0
324,democrats,Elections,0
325,democrats,Politics and Government,0
326,environment,Fashion and Apparel,0
327,president,New York State Criminal Case Against Trump (71543-23),0
328,pride,Pop and Rock Music,0
329,pride,Classical Music,0
330,democrats,Movies,0
331,democrats,Real Estate and Housing (Residential),0
332,democrats,Weddings and Engagements,0
333,democrats,internal-storyline-no,0
334,environment,Theater,0
335,democrats,New York State Criminal Case Against Trump (71543-23),0
336,democrats,your-feed-science,0
337,democrats,Theater,0
338,2024,Politics and Government,0
339,environment,"Murders, Attempted Murders and Homicides",0
340,environment,Georgia Criminal Case Against Trump (2020 Election),0
341,issues,Abortion,0
342,democrats,internal-paywall-exempt,0
343,states,Politics and Government,0
344,democrats,Illegal Immigration,0
345,democrats,Fashion and Apparel,0
346,democrats,International Relations,0
347,democrats,Artificial Intelligence,0
348,democrats,Art,0
349,democrats,Colleges and Universities,0
350,issues,Social Media,0
351,democrats,Deaths (Obituaries),0
352,2024,Computers and the Internet,0
353,democrats,"Demonstrations, Protests and Riots",0
354,democrats,"Murders, Attempted Murders and Homicides",0
355,democrats,Georgia Criminal Case Against Trump (2020 Election),0
356,democrats,United States Economy,0
357,democrats,United States International Relations,0
358,environment,Movies,0
359,pride,Social Media,0
360,policy,Television,0
361,democrats,Israel-Gaza War (2023- ),0
362,environment,internal-storyline-no,0
363,environment,Cooking and Cookbooks,0
364,states,Royal Families,0
365,environment,Deaths (Obituaries),0
366,democrats,internal-paywall-exempt,0
367,homesickness,your-feed-science,0
368,security,Defense and Military Forces,0
369,campaigns,Artificial Intelligence,0
370,pride,New York State Criminal Case Against Trump (71543-23),0
371,democrats,Colleges and Universities,0
372,2024,Movies,0
373,democrats,"Murders, Attempted Murders and Homicides",0
374,pride,Israel-Gaza War (2023- ),0
375,democrats,United States Politics and Government,0
376,democrats,Decisions and Verdicts,0
377,environment,your-feed-science,0
378,democrats,New York State Criminal Case Against Trump (71543-23),0
379,2024,International Relations,0
380,republicans,Global Warming,0
381,pride,Palestinians,0
382,issues,Defense and Military Forces,0
383,democrats,Artificial Intelligence,0
384,democrats,internal-storyline-no,0
385,homesickness,Content Type: Personal Profile,0
386,policy,Classical Music,0
387,security,Computers and the Internet,0
388,environment,Fashion and Apparel,0
389,neue galerie,Art,0
390,latinos,United States Economy,0
391,renovation,Real Estate and Housing (Residential),0
392,environment,Cooking and Cookbooks,0
393,pride,Theater,0
394,democrats,Documentary Films and Programs,0
395,democrats,Law and Legislation,0
396,ERROR_NO_TOPIC,Social Media,0
397,turbulence,Georgia Criminal Case Against Trump (2020 Election),0
398,democrats,audio-neutral-informative,0
399,democrats,United States Politics and Government,0
