,topic_name,ground_truth,run
0,cultural trends,Fashion and Apparel,0
1,legal and judicial issues,Decisions and Verdicts,0
2,technological impact,internal-sub-only-nl,0
3,arts and culture,Deaths (Obituaries),0
4,economic and labor policies,"Demonstrations, Protests and Riots",0
5,legal and political issues,AIRLINES AND AIRPLANES,0
6,legal and judicial issues,Decisions and Verdicts,0
7,international relations,Palestinians,0
8,immigration policy,Illegal Immigration,0
9,arts and culture,Documentary Films and Programs,0
10,international relations,Palestinians,0
11,media and entertainment,Art,0
12,international conflicts,Defense and Military Forces,0
13,legal and judicial issues,AIRLINES AND AIRPLANES,0
14,education and research,internal-paywall-exempt,0
15,political campaigns,Politics and Government,0
16,political campaigns,Palestinians,0
17,health and science,your-feed-science,0
18,politics and government,"Demonstrations, Protests and Riots",0
19,business and economy,Restaurants,0
20,media and entertainment,Pop and Rock Music,0
21,health and science,your-feed-science,0
22,healthcare policy,Politics and Government,0
23,media and entertainment,Content Type: Personal Profile,0
24,personal and lifestyle,Real Estate and Housing (Residential),0
25,technology and innovation,Computers and the Internet,0
26,arts and culture,Culture (Arts),0
27,election results and political campaigns,Primaries and Caucuses,0
28,technology and innovation,Social Media,0
29,politics and government,Politics and Government,0
30,political campaigns,Presidential Election of 2024,0
31,personal and lifestyle,Fashion and Apparel,0
32,arts and culture,Classical Music,0
33,personal and lifestyle,Cooking and Cookbooks,0
34,arts and culture,Deaths (Obituaries),0
35,health and science,Royal Families,0
36,international relations,Documentary Films and Programs,0
37,climate change,Global Warming,0
38,economic policies,internal-storyline-no,0
39,election results and political campaigns,Elections,0
40,election results and political campaigns,United States Politics and Government,0
41,legal reforms,Law and Legislation,0
42,economic policies,Law and Legislation,0
43,personal and lifestyle,Restaurants,0
44,arts and culture,Art,0
45,economic and labor policies,Restaurants,0
46,political campaigns,audio-neutral-informative,0
47,international relations,Defense and Military Forces,0
48,technological ethics,Artificial Intelligence,0
49,media and entertainment,Computers and the Internet,0
50,crime and justice,"Murders, Attempted Murders and Homicides",0
51,technology and society,Books and Literature,0
52,business and economy,AIRLINES AND AIRPLANES,0
53,politics and government,United States Politics and Government,0
54,election results and political campaigns,United States Politics and Government,0
55,international relations,United States International Relations,0
56,climate change,Global Warming,0
57,public health,internal-sub-only-nl,0
58,arts and culture,Dancing,0
59,election results and political campaigns,Primaries and Caucuses,0
60,arts and culture,Theater,0
61,legal and judicial issues,Illegal Immigration,0
62,media and entertainment,Documentary Films and Programs,0
63,business and economy,United States Economy,0
64,politics and government,Theater,0
65,international relations,Illegal Immigration,0
66,arts and culture,Books and Literature,0
67,election results and political campaigns,Presidential Election of 2024,0
68,election results and political campaigns,Presidential Election of 2024,0
69,arts and culture,Content Type: Personal Profile,0
70,legal and political issues,Abortion,0
71,arts and culture,Cooking and Cookbooks,0
72,legal and political issues,Deaths (Obituaries),0
73,legal cases,"Murders, Attempted Murders and Homicides",0
74,election results and political campaigns,Elections,0
75,arts and culture,audio-neutral-informative,0
76,social issues,United States Economy,0
77,media and entertainment,Content Type: Personal Profile,0
78,climate change,Global Warming,0
79,personal and lifestyle,Cooking and Cookbooks,0
80,personal and lifestyle,Cooking and Cookbooks,0
81,public health,Global Warming,0
82,legal and judicial issues,New York State Criminal Case Against Trump (71543-23),0
83,media and entertainment,Content Type: Personal Profile,0
84,legal and judicial issues,Deaths (Obituaries),0
85,legal and political issues,Computers and the Internet,0
86,personal and lifestyle,Movies,0
87,arts and culture,Deaths (Obituaries),0
88,immigration policy,internal-sub-only-nl,0
89,international conflicts,Israel-Gaza War (2023- ),0
90,media and entertainment,Books and Literature,0
91,arts and culture,Classical Music,0
92,arts and culture,Classical Music,0
93,social movements,Social Media,0
94,technology and innovation,Artificial Intelligence,0
95,media and entertainment,Movies,0
96,legal cases,Abortion,0
97,politics and government,internal-sub-only-nl,0
98,election results and political campaigns,Primaries and Caucuses,0
99,international conflicts,Defense and Military Forces,0
100,media and entertainment,Culture (Arts),0
101,legal and judicial issues,Abortion,0
102,social issues,Royal Families,0
103,crime and justice,Decisions and Verdicts,0
104,international conflicts,United States International Relations,0
105,politics and government,Russian Invasion of Ukraine (2022),0
106,legal and political issues,AIRLINES AND AIRPLANES,0
107,election results and political campaigns,internal-paywall-exempt,0
108,legal and judicial issues,Georgia Criminal Case Against Trump (2020 Election),0
109,media and entertainment,internal-storyline-no,0
110,politics and government,Primaries and Caucuses,0
111,cultural heritage,Travel and Vacations,0
112,education and research,Colleges and Universities,0
113,arts and culture,Culture (Arts),0
114,election results and political campaigns,Elections,0
115,legal cases,Georgia Criminal Case Against Trump (2020 Election),0
116,media and entertainment,Movies,0
117,arts and culture,Art,0
118,international relations,International Relations,0
119,arts and culture,Dancing,0
120,arts and culture,Dancing,0
121,climate change,Global Warming,0
122,politics and government,Defense and Military Forces,0
123,social issues,Abortion,0
124,business and economy,Restaurants,0
125,arts and culture,Documentary Films and Programs,0
126,media and entertainment,"Murders, Attempted Murders and Homicides",0
127,politics and government,Royal Families,0
128,election results and political campaigns,Presidential Election of 2024,0
129,immigration policy,Illegal Immigration,0
130,economic policies,Law and Legislation,0
131,cultural trends,Fashion and Apparel,0
132,international relations,United States International Relations,0
133,personal and lifestyle,AIRLINES AND AIRPLANES,0
134,arts and culture,Culture (Arts),0
135,education and research,Weddings and Engagements,0
136,crime and justice,"Murders, Attempted Murders and Homicides",0
137,election results and political campaigns,Elections,0
138,legal reforms,Illegal Immigration,0
139,social issues,Books and Literature,0
140,arts and culture,Culture (Arts),0
141,arts and culture,Dancing,0
142,arts and culture,Classical Music,0
143,education and research,internal-sub-only-nl,0
144,legal and political issues,Primaries and Caucuses,0
145,politics and government,Palestinians,0
146,arts and culture,Pop and Rock Music,0
147,crime and justice,AIRLINES AND AIRPLANES,0
148,social issues,Politics and Government,0
149,international conflicts,Russian Invasion of Ukraine (2022),0
150,international relations,International Relations,0
151,social issues,"Demonstrations, Protests and Riots",0
152,legal cases,Georgia Criminal Case Against Trump (2020 Election),0
153,arts and culture,Books and Literature,0
154,election results and political campaigns,Primaries and Caucuses,0
155,business and economy,Real Estate and Housing (Residential),0
156,politics and government,United States International Relations,0
157,media and entertainment,Documentary Films and Programs,0
158,media and entertainment,Movies,0
159,social issues,Real Estate and Housing (Residential),0
160,business and economy,internal-storyline-no,0
161,economic policies,United States Economy,0
162,election results and political campaigns,Presidential Election of 2024,0
163,legal and political issues,Georgia Criminal Case Against Trump (2020 Election),0
164,economic policies,United States Economy,0
165,business and economy,United States Economy,0
166,education and research,Colleges and Universities,0
167,arts and culture,Classical Music,0
168,international relations,Decisions and Verdicts,0
169,legal and judicial issues,Decisions and Verdicts,0
170,arts and culture,Theater,0
171,legal cases,Illegal Immigration,0
172,political campaigns,Primaries and Caucuses,0
173,business and economy,Restaurants,0
174,election results and political campaigns,Elections,0
175,social and community issues,Restaurants,0
176,arts and culture,Restaurants,0
177,legal cases,New York State Criminal Case Against Trump (71543-23),0
178,media and entertainment,Culture (Arts),0
179,media and entertainment,Content Type: Personal Profile,0
180,media and entertainment,Social Media,0
181,arts and culture,Books and Literature,0
182,personal and lifestyle,Cooking and Cookbooks,0
183,personal and lifestyle,Weddings and Engagements,0
184,arts and culture,Fashion and Apparel,0
185,media and entertainment,Travel and Vacations,0
186,political campaigns,"Demonstrations, Protests and Riots",0
187,legal and judicial issues,internal-sub-only-nl,0
188,personal and lifestyle,Weddings and Engagements,0
189,business and economy,Travel and Vacations,0
190,social movements,"Demonstrations, Protests and Riots",0
191,education and research,internal-paywall-exempt,0
192,cultural trends,Fashion and Apparel,0
193,economic and labor policies,United States International Relations,0
194,media and entertainment,Deaths (Obituaries),0
195,election results and political campaigns,Georgia Criminal Case Against Trump (2020 Election),0
196,international conflicts,Russian Invasion of Ukraine (2022),0
197,legal and judicial issues,Decisions and Verdicts,0
198,legal and judicial issues,Russian Invasion of Ukraine (2022),0
199,arts and culture,Pop and Rock Music,0
200,social issues,Books and Literature,0
201,legal and political issues,audio-neutral-informative,0
202,legal and judicial issues,Colleges and Universities,0
203,legal and judicial issues,New York State Criminal Case Against Trump (71543-23),0
204,cultural trends,Travel and Vacations,0
205,international conflicts,Defense and Military Forces,0
206,arts and culture,Art,0
207,media and entertainment,Royal Families,0
208,politics and government,Politics and Government,0
209,arts and culture,Pop and Rock Music,0
210,social issues,AIRLINES AND AIRPLANES,0
211,arts and culture,Travel and Vacations,0
212,international conflicts,Russian Invasion of Ukraine (2022),0
213,economic policies,Computers and the Internet,0
214,social movements,Theater,0
215,political campaigns,Abortion,0
216,election results and political campaigns,internal-storyline-no,0
217,international relations,International Relations,0
218,education and research,internal-paywall-exempt,0
219,immigration policy,"Demonstrations, Protests and Riots",0
220,legal and judicial issues,New York State Criminal Case Against Trump (71543-23),0
221,media and entertainment,Culture (Arts),0
222,election results and political campaigns,internal-paywall-exempt,0
223,legal cases,Television,0
224,social movements,Israel-Gaza War (2023- ),0
225,crime and justice,Decisions and Verdicts,0
226,media and entertainment,Dancing,0
227,social and community issues,internal-storyline-no,0
228,arts and culture,Theater,0
229,international conflicts,International Relations,0
230,technology and innovation,Artificial Intelligence,0
231,legal and judicial issues,Law and Legislation,0
232,arts and culture,Dancing,0
233,arts and culture,Pop and Rock Music,0
234,media and entertainment,Television,0
235,legal and judicial issues,United States Politics and Government,0
236,personal and lifestyle,Cooking and Cookbooks,0
237,international conflicts,Palestinians,0
238,legal and political issues,Israel-Gaza War (2023- ),0
239,health and science,Royal Families,0
240,politics and government,Books and Literature,0
241,social movements,Weddings and Engagements,0
242,personal and lifestyle,Weddings and Engagements,0
243,media and entertainment,Movies,0
244,social movements,audio-neutral-informative,0
245,election results and political campaigns,Elections,0
246,media and entertainment,Pop and Rock Music,0
247,media and entertainment,Television,0
248,personal and lifestyle,Real Estate and Housing (Residential),0
249,social movements,"Demonstrations, Protests and Riots",0
250,politics and government,Weddings and Engagements,0
251,political campaigns,Television,0
252,election results and political campaigns,internal-paywall-exempt,0
253,international relations,Computers and the Internet,0
254,arts and culture,Documentary Films and Programs,0
255,politics and government,Presidential Election of 2024,0
256,international conflicts,Palestinians,0
257,politics and government,Presidential Election of 2024,0
258,economic policies,United States Politics and Government,0
259,international conflicts,Russian Invasion of Ukraine (2022),0
260,arts and culture,Restaurants,0
261,media and entertainment,Content Type: Personal Profile,0
262,personal and lifestyle,Travel and Vacations,0
263,arts and culture,Dancing,0
264,media and entertainment,Television,0
265,international relations,International Relations,0
266,economic policies,International Relations,0
267,international conflicts,Palestinians,0
268,arts and culture,Culture (Arts),0
269,business and economy,Social Media,0
270,health and science,your-feed-science,0
271,health and environment,Global Warming,0
272,economic policies,United States Economy,0
273,health and science,your-feed-science,0
274,business and economy,AIRLINES AND AIRPLANES,0
275,legal and judicial issues,Illegal Immigration,0
276,media and entertainment,Television,0
277,technological impact,Computers and the Internet,0
278,arts and culture,Classical Music,0
279,politics and government,Royal Families,0
280,education and research,Colleges and Universities,0
281,international conflicts,Defense and Military Forces,0
282,arts and culture,Dancing,0
283,election results and political campaigns,Primaries and Caucuses,0
284,economic policies,internal-sub-only-nl,0
285,political campaigns,Abortion,0
286,political campaigns,Presidential Election of 2024,0
287,social issues,Colleges and Universities,0
288,international relations,United States International Relations,0
289,international conflicts,Israel-Gaza War (2023- ),0
290,technological impact,Artificial Intelligence,0
291,election results and political campaigns,Elections,0
292,public health,your-feed-science,0
293,media and entertainment,Documentary Films and Programs,0
294,technology and innovation,Global Warming,0
295,personal and lifestyle,Travel and Vacations,0
296,business and economy,Travel and Vacations,0
297,media and entertainment,audio-neutral-informative,0
298,international conflicts,Russian Invasion of Ukraine (2022),0
299,urban development,Real Estate and Housing (Residential),0
300,media and entertainment,Television,0
301,corporate governance,Artificial Intelligence,0
302,politics and government,Colleges and Universities,0
303,legal and judicial issues,Law and Legislation,0
304,international conflicts,United States Politics and Government,0
305,health and science,Content Type: Personal Profile,0
306,media and entertainment,Russian Invasion of Ukraine (2022),0
307,media and entertainment,audio-neutral-informative,0
308,legal and judicial issues,"Murders, Attempted Murders and Homicides",0
309,international law,internal-sub-only-nl,0
310,politics and government,Royal Families,0
311,international conflicts,Israel-Gaza War (2023- ),0
312,social issues,Weddings and Engagements,0
313,social and community issues,Social Media,0
314,business and economy,Law and Legislation,0
315,business and economy,Real Estate and Housing (Residential),0
316,international relations,United States International Relations,0
317,arts and culture,Art,0
318,politics and government,Law and Legislation,0
319,social issues,audio-neutral-informative,0
320,international conflicts,Israel-Gaza War (2023- ),0
321,politics and government,Abortion,0
322,arts and culture,Pop and Rock Music,0
323,arts and culture,Art,0
324,legal and political issues,Elections,0
325,politics and government,Politics and Government,0
326,arts and culture,Fashion and Apparel,0
327,legal and political issues,New York State Criminal Case Against Trump (71543-23),0
328,arts and culture,Pop and Rock Music,0
329,arts and culture,Classical Music,0
330,media and entertainment,Movies,0
331,social and community issues,Real Estate and Housing (Residential),0
332,health and science,Weddings and Engagements,0
333,economic policies,internal-storyline-no,0
334,arts and culture,Theater,0
335,legal cases,New York State Criminal Case Against Trump (71543-23),0
336,health and science,your-feed-science,0
337,politics and government,Theater,0
338,international conflicts,Politics and Government,0
339,legal cases,"Murders, Attempted Murders and Homicides",0
340,legal and judicial issues,Georgia Criminal Case Against Trump (2020 Election),0
341,politics and government,Abortion,0
342,election results and political campaigns,internal-paywall-exempt,0
343,election results and political campaigns,Politics and Government,0
344,immigration policy,Illegal Immigration,0
345,cultural trends,Fashion and Apparel,0
346,economic policies,International Relations,0
347,technological impact,Artificial Intelligence,0
348,arts and culture,Art,0
349,educational policy,Colleges and Universities,0
350,international relations,Social Media,0
351,arts and culture,Deaths (Obituaries),0
352,digital rights,Computers and the Internet,0
353,education and research,"Demonstrations, Protests and Riots",0
354,crime and justice,"Murders, Attempted Murders and Homicides",0
355,legal cases,Georgia Criminal Case Against Trump (2020 Election),0
356,economic trends,United States Economy,0
357,legal cases,United States International Relations,0
358,media and entertainment,Movies,0
359,media and entertainment,Social Media,0
360,politics and government,Television,0
361,international conflicts,Israel-Gaza War (2023- ),0
362,technology and innovation,internal-storyline-no,0
363,personal and lifestyle,Cooking and Cookbooks,0
364,personal and lifestyle,Royal Families,0
365,media and entertainment,Deaths (Obituaries),0
366,election results and political campaigns,internal-paywall-exempt,0
367,technology and society,your-feed-science,0
368,international conflicts,Defense and Military Forces,0
369,political campaigns,Artificial Intelligence,0
370,legal cases,New York State Criminal Case Against Trump (71543-23),0
371,politics and government,Colleges and Universities,0
372,media and entertainment,Movies,0
373,legal reforms,"Murders, Attempted Murders and Homicides",0
374,social issues,Israel-Gaza War (2023- ),0
375,political campaigns,United States Politics and Government,0
376,legal and political issues,Decisions and Verdicts,0
377,health and science,your-feed-science,0
378,legal and judicial issues,New York State Criminal Case Against Trump (71543-23),0
379,election results and political campaigns,International Relations,0
380,climate change,Global Warming,0
381,politics and government,Palestinians,0
382,international conflicts,Defense and Military Forces,0
383,digital rights,Artificial Intelligence,0
384,arts and culture,internal-storyline-no,0
385,arts and culture,Content Type: Personal Profile,0
386,arts and culture,Classical Music,0
387,legal and judicial issues,Computers and the Internet,0
388,personal and lifestyle,Fashion and Apparel,0
389,arts and culture,Art,0
390,social issues,United States Economy,0
391,personal and lifestyle,Real Estate and Housing (Residential),0
392,health and science,Cooking and Cookbooks,0
393,arts and culture,Theater,0
394,media and entertainment,Documentary Films and Programs,0
395,legal and political issues,Law and Legislation,0
396,crime and justice,Social Media,0
397,legal and judicial issues,Georgia Criminal Case Against Trump (2020 Election),0
398,politics and government,audio-neutral-informative,0
399,politics and government,United States Politics and Government,0
