run,metric_name,score,num_topics
0,V_measure,0.5501283036415461,50
0,completeness,0.6112319753975854,50
0,homogeneity,0.5001311639216304,50
0,adjusted_mutual_info,0.2685881325903276,50
1,V_measure,0.5758081378533274,50
1,completeness,0.622580685087947,50
1,homogeneity,0.5355722623465003,50
1,adjusted_mutual_info,0.2827251635837028,50
2,V_measure,0.5764469892718669,50
2,completeness,0.622946597316794,50
2,homogeneity,0.536407089358868,50
2,adjusted_mutual_info,0.28338802514367484,50
3,V_measure,0.5776515059763452,50
3,completeness,0.6236354667892113,50
3,homogeneity,0.5379831464285479,50
3,adjusted_mutual_info,0.28439462654200715,50
4,V_measure,0.5781754207521892,50
4,completeness,0.6229947997083803,50
4,homogeneity,0.539372016880671,50
4,adjusted_mutual_info,0.28268034831130695,50
