run,metric_name,score,num_topics
0,V_measure,0.5331901215485485,50
0,completeness,0.5416417253608569,50
0,homogeneity,0.5249982176933643,50
0,adjusted_mutual_info,0.11662726075192863,50
1,V_measure,0.5331901215485485,50
1,completeness,0.5416417253608569,50
1,homogeneity,0.5249982176933643,50
1,adjusted_mutual_info,0.11662726075192863,50
2,V_measure,0.5331901215485485,50
2,completeness,0.5416417253608569,50
2,homogeneity,0.5249982176933643,50
2,adjusted_mutual_info,0.11662726075192863,50
3,V_measure,0.5331901215485485,50
3,completeness,0.5416417253608569,50
3,homogeneity,0.5249982176933643,50
3,adjusted_mutual_info,0.11662726075192863,50
4,V_measure,0.5331901215485485,50
4,completeness,0.5416417253608569,50
4,homogeneity,0.5249982176933643,50
4,adjusted_mutual_info,0.11662726075192863,50
