topic_name,ground_truth,run
just weeks maybe,Fashion and Apparel,0
state home secretary,Decisions and Verdicts,0
political house future,internal-sub-only-nl,0
artist line life,Deaths (Obituaries),0
long tax code,"Demonstrations, Protests and Riots",0
said kimmel risk,AIRLINES AND AIRPLANES,0
court supreme authority,Decisions and Verdicts,0
states united charges,Palestinians,0
federal texas administration,Illegal Immigration,0
brooklyn family big,Documentary Films and Programs,0
strong america region,Palestinians,0
abortion civil ban,Art,0
tests research north,Defense and Military Forces,0
tests research north,AIRLINES AND AIRPLANES,0
events historical sort,internal-paywall-exempt,0
tests research north,Politics and Government,0
time dishes trip,Palestinians,0
time dishes trip,your-feed-science,0
work century west,"Demonstrations, Protests and Riots",0
news diagnosis london,Restaurants,0
strong america region,Pop and Rock Music,0
world economy international,your-feed-science,0
state home secretary,Politics and Government,0
artist line life,Content Type: Personal Profile,0
time dishes trip,Real Estate and Housing (Residential),0
new york change,Computers and the Internet,0
live results maps,Culture (Arts),0
state home secretary,Primaries and Caucuses,0
long tax code,Social Media,0
political house future,Politics and Government,0
state home secretary,Presidential Election of 2024,0
states united charges,Fashion and Apparel,0
music including director,Classical Music,0
season style actress,Cooking and Cookbooks,0
work century west,Deaths (Obituaries),0
news diagnosis london,Royal Families,0
events historical sort,Documentary Films and Programs,0
strong america region,Global Warming,0
good friends months,internal-storyline-no,0
vote comes speech,Elections,0
said kimmel risk,United States Politics and Government,0
latest wide legislation,Law and Legislation,0
cover scandal business,Law and Legislation,0
food essential products,Restaurants,0
film art gathered,Art,0
states united charges,Restaurants,0
news diagnosis london,audio-neutral-informative,0
russia tolokonnikova nadya,Defense and Military Forces,0
political house future,Artificial Intelligence,0
plus sailboat patients,Computers and the Internet,0
men key mcconnell,"Murders, Attempted Murders and Homicides",0
student man virginia,Books and Literature,0
news diagnosis london,AIRLINES AND AIRPLANES,0
group called 2023,United States Politics and Government,0
trump donald election,United States Politics and Government,0
state home secretary,United States International Relations,0
food essential products,Global Warming,0
student man virginia,internal-sub-only-nl,0
music including director,Dancing,0
trump donald election,Primaries and Caucuses,0
city southern fast,Theater,0
court supreme authority,Illegal Immigration,0
film art gathered,Documentary Films and Programs,0
work century west,United States Economy,0
trump donald election,Theater,0
strong america region,Illegal Immigration,0
love fall ballet,Books and Literature,0
trump donald election,Presidential Election of 2024,0
current ve theater,Presidential Election of 2024,0
brooklyn family big,Content Type: Personal Profile,0
states united charges,Abortion,0
food essential products,Cooking and Cookbooks,0
political house future,Deaths (Obituaries),0
friday continue jurors,"Murders, Attempted Murders and Homicides",0
strong america region,Elections,0
season style actress,audio-neutral-informative,0
good friends months,United States Economy,0
good friends months,Content Type: Personal Profile,0
current ve theater,Global Warming,0
team day manhattan,Cooking and Cookbooks,0
time dishes trip,Cooking and Cookbooks,0
time dishes trip,Global Warming,0
cover scandal business,New York State Criminal Case Against Trump (71543-23),0
student man virginia,Content Type: Personal Profile,0
strong america region,Deaths (Obituaries),0
like travelers catherine,Computers and the Internet,0
work century west,Movies,0
country making power,Deaths (Obituaries),0
plus sailboat patients,internal-sub-only-nl,0
strong america region,Israel-Gaza War (2023- ),0
good friends months,Books and Literature,0
artist line life,Classical Music,0
american premiere conducted,Classical Music,0
social media people,Social Media,0
good friends months,Artificial Intelligence,0
social media people,Movies,0
state home secretary,Abortion,0
political house future,internal-sub-only-nl,0
cover scandal business,Primaries and Caucuses,0
men key mcconnell,Defense and Military Forces,0
strong america region,Culture (Arts),0
vote comes speech,Abortion,0
cover scandal business,Royal Families,0
cover scandal business,Decisions and Verdicts,0
american premiere conducted,United States International Relations,0
russia tolokonnikova nadya,Russian Invasion of Ukraine (2022),0
just weeks maybe,AIRLINES AND AIRPLANES,0
live results maps,internal-paywall-exempt,0
district attorney county,Georgia Criminal Case Against Trump (2020 Election),0
love fall ballet,internal-storyline-no,0
strong america region,Primaries and Caucuses,0
like travelers catherine,Travel and Vacations,0
academic freedom school,Colleges and Universities,0
city southern fast,Culture (Arts),0
state home secretary,Elections,0
district attorney county,Georgia Criminal Case Against Trump (2020 Election),0
student man virginia,Movies,0
artist line life,Art,0
group called 2023,International Relations,0
city southern fast,Dancing,0
love fall ballet,Dancing,0
good friends months,Global Warming,0
said kimmel risk,Defense and Military Forces,0
states united charges,Abortion,0
food essential products,Restaurants,0
vote comes speech,Documentary Films and Programs,0
student man virginia,"Murders, Attempted Murders and Homicides",0
news diagnosis london,Royal Families,0
trump donald election,Presidential Election of 2024,0
court supreme authority,Illegal Immigration,0
long tax code,Law and Legislation,0
latest wide legislation,Fashion and Apparel,0
news diagnosis london,United States International Relations,0
long tax code,AIRLINES AND AIRPLANES,0
country making power,Culture (Arts),0
just weeks maybe,Weddings and Engagements,0
plus sailboat patients,"Murders, Attempted Murders and Homicides",0
live results maps,Elections,0
city southern fast,Illegal Immigration,0
academic freedom school,Books and Literature,0
new york change,Culture (Arts),0
case actor individual,Dancing,0
political house future,Classical Music,0
academic freedom school,internal-sub-only-nl,0
trump donald election,Primaries and Caucuses,0
israel gaza plan,Palestinians,0
music including director,Pop and Rock Music,0
student man virginia,AIRLINES AND AIRPLANES,0
states united charges,Politics and Government,0
russia tolokonnikova nadya,Russian Invasion of Ukraine (2022),0
states united charges,International Relations,0
states united charges,"Demonstrations, Protests and Riots",0
district attorney county,Georgia Criminal Case Against Trump (2020 Election),0
world economy international,Books and Literature,0
live results maps,Primaries and Caucuses,0
plus sailboat patients,Real Estate and Housing (Residential),0
trump donald election,United States International Relations,0
film art gathered,Documentary Films and Programs,0
work century west,Movies,0
new york change,Real Estate and Housing (Residential),0
world economy international,internal-storyline-no,0
political house future,United States Economy,0
current ve theater,Presidential Election of 2024,0
cover scandal business,Georgia Criminal Case Against Trump (2020 Election),0
world economy international,United States Economy,0
world economy international,United States Economy,0
just weeks maybe,Colleges and Universities,0
music including director,Classical Music,0
vote comes speech,Decisions and Verdicts,0
court supreme authority,Decisions and Verdicts,0
love fall ballet,Theater,0
new york change,Illegal Immigration,0
vote comes speech,Primaries and Caucuses,0
brooklyn family big,Restaurants,0
live results maps,Elections,0
brooklyn family big,Restaurants,0
country making power,Restaurants,0
cover scandal business,New York State Criminal Case Against Trump (71543-23),0
live results maps,Culture (Arts),0
artist line life,Content Type: Personal Profile,0
social media people,Social Media,0
american premiere conducted,Books and Literature,0
just weeks maybe,Cooking and Cookbooks,0
good friends months,Weddings and Engagements,0
tests research north,Fashion and Apparel,0
events historical sort,Travel and Vacations,0
time dishes trip,"Demonstrations, Protests and Riots",0
new york change,internal-sub-only-nl,0
good friends months,Weddings and Engagements,0
brooklyn family big,Travel and Vacations,0
academic freedom school,"Demonstrations, Protests and Riots",0
events historical sort,internal-paywall-exempt,0
student man virginia,Fashion and Apparel,0
city southern fast,United States International Relations,0
cover scandal business,Deaths (Obituaries),0
trump donald election,Georgia Criminal Case Against Trump (2020 Election),0
ukrainian russian says,Russian Invasion of Ukraine (2022),0
court supreme authority,Decisions and Verdicts,0
plus sailboat patients,Russian Invasion of Ukraine (2022),0
music including director,Pop and Rock Music,0
work century west,Books and Literature,0
russia tolokonnikova nadya,audio-neutral-informative,0
student man virginia,Colleges and Universities,0
trump donald election,New York State Criminal Case Against Trump (71543-23),0
current ve theater,Travel and Vacations,0
russia tolokonnikova nadya,Defense and Military Forces,0
plus sailboat patients,Art,0
news diagnosis london,Royal Families,0
russia tolokonnikova nadya,Politics and Government,0
team day manhattan,Pop and Rock Music,0
student man virginia,AIRLINES AND AIRPLANES,0
strong america region,Travel and Vacations,0
russia tolokonnikova nadya,Russian Invasion of Ukraine (2022),0
strong america region,Computers and the Internet,0
good friends months,Theater,0
abortion civil ban,Abortion,0
president biden voters,internal-storyline-no,0
state home secretary,International Relations,0
events historical sort,internal-paywall-exempt,0
state home secretary,"Demonstrations, Protests and Riots",0
team day manhattan,New York State Criminal Case Against Trump (71543-23),0
season style actress,Culture (Arts),0
live results maps,internal-paywall-exempt,0
court supreme authority,Television,0
state home secretary,Israel-Gaza War (2023- ),0
time dishes trip,Decisions and Verdicts,0
film art gathered,Dancing,0
new york change,internal-storyline-no,0
latest wide legislation,Theater,0
american premiere conducted,International Relations,0
like travelers catherine,Artificial Intelligence,0
court supreme authority,Law and Legislation,0
love fall ballet,Dancing,0
district attorney county,Pop and Rock Music,0
world economy international,Television,0
cover scandal business,United States Politics and Government,0
food essential products,Cooking and Cookbooks,0
city southern fast,Palestinians,0
long tax code,Israel-Gaza War (2023- ),0
good friends months,Royal Families,0
love fall ballet,Books and Literature,0
russia tolokonnikova nadya,Weddings and Engagements,0
men key mcconnell,Weddings and Engagements,0
academic freedom school,Movies,0
russia tolokonnikova nadya,audio-neutral-informative,0
live results maps,Elections,0
music including director,Pop and Rock Music,0
like travelers catherine,Television,0
plus sailboat patients,Real Estate and Housing (Residential),0
abortion civil ban,"Demonstrations, Protests and Riots",0
long tax code,Weddings and Engagements,0
time dishes trip,Television,0
live results maps,internal-paywall-exempt,0
friday continue jurors,Computers and the Internet,0
student man virginia,Documentary Films and Programs,0
political house future,Presidential Election of 2024,0
israel gaza plan,Palestinians,0
men key mcconnell,Presidential Election of 2024,0
trump donald election,United States Politics and Government,0
ukrainian russian says,Russian Invasion of Ukraine (2022),0
city southern fast,Restaurants,0
long tax code,Content Type: Personal Profile,0
tests research north,Travel and Vacations,0
love fall ballet,Dancing,0
said kimmel risk,Television,0
cover scandal business,International Relations,0
food essential products,International Relations,0
israel gaza plan,Palestinians,0
city southern fast,Culture (Arts),0
russia tolokonnikova nadya,Social Media,0
tests research north,your-feed-science,0
tests research north,Global Warming,0
strong america region,United States Economy,0
music including director,your-feed-science,0
state home secretary,AIRLINES AND AIRPLANES,0
federal texas administration,Illegal Immigration,0
friday continue jurors,Television,0
music including director,Computers and the Internet,0
new york change,Classical Music,0
like travelers catherine,Royal Families,0
academic freedom school,Colleges and Universities,0
ukrainian russian says,Defense and Military Forces,0
artist line life,Dancing,0
state home secretary,Primaries and Caucuses,0
district attorney county,internal-sub-only-nl,0
state home secretary,Abortion,0
trump donald election,Presidential Election of 2024,0
live results maps,Colleges and Universities,0
tests research north,United States International Relations,0
state home secretary,Israel-Gaza War (2023- ),0
world economy international,Artificial Intelligence,0
political house future,Elections,0
student man virginia,your-feed-science,0
plus sailboat patients,Documentary Films and Programs,0
cover scandal business,Global Warming,0
strong america region,Travel and Vacations,0
like travelers catherine,Travel and Vacations,0
plus sailboat patients,audio-neutral-informative,0
american premiere conducted,Russian Invasion of Ukraine (2022),0
week properties manhattan,Real Estate and Housing (Residential),0
friday continue jurors,Television,0
friday continue jurors,Artificial Intelligence,0
academic freedom school,Colleges and Universities,0
men key mcconnell,Law and Legislation,0
israel gaza plan,United States Politics and Government,0
student man virginia,Content Type: Personal Profile,0
men key mcconnell,Russian Invasion of Ukraine (2022),0
love fall ballet,audio-neutral-informative,0
student man virginia,"Murders, Attempted Murders and Homicides",0
court supreme authority,internal-sub-only-nl,0
vote comes speech,Royal Families,0
current ve theater,Israel-Gaza War (2023- ),0
just weeks maybe,Weddings and Engagements,0
just weeks maybe,Social Media,0
state home secretary,Law and Legislation,0
work century west,Real Estate and Housing (Residential),0
political house future,United States International Relations,0
brooklyn family big,Art,0
friday continue jurors,Law and Legislation,0
case actor individual,audio-neutral-informative,0
israel gaza plan,Israel-Gaza War (2023- ),0
abortion civil ban,Abortion,0
artist line life,Pop and Rock Music,0
strong america region,Art,0
men key mcconnell,Elections,0
ukrainian russian says,Politics and Government,0
tests research north,Fashion and Apparel,0
team day manhattan,New York State Criminal Case Against Trump (71543-23),0
new york change,Pop and Rock Music,0
new york change,Classical Music,0
time dishes trip,Movies,0
group called 2023,Real Estate and Housing (Residential),0
student man virginia,Weddings and Engagements,0
live results maps,internal-storyline-no,0
love fall ballet,Theater,0
friday continue jurors,New York State Criminal Case Against Trump (71543-23),0
social media people,your-feed-science,0
current ve theater,Theater,0
vote comes speech,Politics and Government,0
good friends months,"Murders, Attempted Murders and Homicides",0
district attorney county,Georgia Criminal Case Against Trump (2020 Election),0
states united charges,Abortion,0
live results maps,internal-paywall-exempt,0
states united charges,Politics and Government,0
good friends months,Illegal Immigration,0
season style actress,Fashion and Apparel,0
plus sailboat patients,International Relations,0
work century west,Artificial Intelligence,0
new york change,Art,0
tests research north,Colleges and Universities,0
states united charges,Social Media,0
like travelers catherine,Deaths (Obituaries),0
like travelers catherine,Computers and the Internet,0
student man virginia,"Demonstrations, Protests and Riots",0
tests research north,"Murders, Attempted Murders and Homicides",0
case actor individual,Georgia Criminal Case Against Trump (2020 Election),0
like travelers catherine,United States Economy,0
states united charges,United States International Relations,0
student man virginia,Movies,0
time dishes trip,Social Media,0
long tax code,Television,0
city southern fast,Israel-Gaza War (2023- ),0
new york change,internal-storyline-no,0
time dishes trip,Cooking and Cookbooks,0
student man virginia,Royal Families,0
friday continue jurors,Deaths (Obituaries),0
live results maps,internal-paywall-exempt,0
world economy international,your-feed-science,0
israel gaza plan,Defense and Military Forces,0
political house future,Artificial Intelligence,0
cover scandal business,New York State Criminal Case Against Trump (71543-23),0
american premiere conducted,Colleges and Universities,0
love fall ballet,Movies,0
case actor individual,"Murders, Attempted Murders and Homicides",0
just weeks maybe,Israel-Gaza War (2023- ),0
group called 2023,United States Politics and Government,0
court supreme authority,Decisions and Verdicts,0
new york change,your-feed-science,0
strong america region,New York State Criminal Case Against Trump (71543-23),0
country making power,International Relations,0
good friends months,Global Warming,0
israel gaza plan,Palestinians,0
russia tolokonnikova nadya,Defense and Military Forces,0
social media people,Artificial Intelligence,0
brooklyn family big,internal-storyline-no,0
city southern fast,Content Type: Personal Profile,0
american premiere conducted,Classical Music,0
new york change,Computers and the Internet,0
new york change,Fashion and Apparel,0
brooklyn family big,Art,0
american premiere conducted,United States Economy,0
brooklyn family big,Real Estate and Housing (Residential),0
food essential products,Cooking and Cookbooks,0
good friends months,Theater,0
tests research north,Documentary Films and Programs,0
vote comes speech,Law and Legislation,0
men key mcconnell,Social Media,0
district attorney county,Georgia Criminal Case Against Trump (2020 Election),0
states united charges,audio-neutral-informative,0
trump donald election,United States Politics and Government,0
just weeks maybe,Fashion and Apparel,1
state home secretary,Decisions and Verdicts,1
political house future,internal-sub-only-nl,1
artist line life,Deaths (Obituaries),1
long tax code,"Demonstrations, Protests and Riots",1
said kimmel risk,AIRLINES AND AIRPLANES,1
court supreme authority,Decisions and Verdicts,1
states united charges,Palestinians,1
federal texas administration,Illegal Immigration,1
brooklyn family big,Documentary Films and Programs,1
strong america region,Palestinians,1
abortion civil ban,Art,1
tests research north,Defense and Military Forces,1
tests research north,AIRLINES AND AIRPLANES,1
events historical sort,internal-paywall-exempt,1
tests research north,Politics and Government,1
time dishes trip,Palestinians,1
time dishes trip,your-feed-science,1
work century west,"Demonstrations, Protests and Riots",1
news diagnosis london,Restaurants,1
strong america region,Pop and Rock Music,1
world economy international,your-feed-science,1
state home secretary,Politics and Government,1
artist line life,Content Type: Personal Profile,1
time dishes trip,Real Estate and Housing (Residential),1
new york change,Computers and the Internet,1
live results maps,Culture (Arts),1
state home secretary,Primaries and Caucuses,1
long tax code,Social Media,1
political house future,Politics and Government,1
state home secretary,Presidential Election of 2024,1
states united charges,Fashion and Apparel,1
music including director,Classical Music,1
season style actress,Cooking and Cookbooks,1
work century west,Deaths (Obituaries),1
news diagnosis london,Royal Families,1
events historical sort,Documentary Films and Programs,1
strong america region,Global Warming,1
good friends months,internal-storyline-no,1
vote comes speech,Elections,1
said kimmel risk,United States Politics and Government,1
latest wide legislation,Law and Legislation,1
cover scandal business,Law and Legislation,1
food essential products,Restaurants,1
film art gathered,Art,1
states united charges,Restaurants,1
news diagnosis london,audio-neutral-informative,1
russia tolokonnikova nadya,Defense and Military Forces,1
political house future,Artificial Intelligence,1
plus sailboat patients,Computers and the Internet,1
men key mcconnell,"Murders, Attempted Murders and Homicides",1
student man virginia,Books and Literature,1
news diagnosis london,AIRLINES AND AIRPLANES,1
group called 2023,United States Politics and Government,1
trump donald election,United States Politics and Government,1
state home secretary,United States International Relations,1
food essential products,Global Warming,1
student man virginia,internal-sub-only-nl,1
music including director,Dancing,1
trump donald election,Primaries and Caucuses,1
city southern fast,Theater,1
court supreme authority,Illegal Immigration,1
film art gathered,Documentary Films and Programs,1
work century west,United States Economy,1
trump donald election,Theater,1
strong america region,Illegal Immigration,1
love fall ballet,Books and Literature,1
trump donald election,Presidential Election of 2024,1
current ve theater,Presidential Election of 2024,1
brooklyn family big,Content Type: Personal Profile,1
states united charges,Abortion,1
food essential products,Cooking and Cookbooks,1
political house future,Deaths (Obituaries),1
friday continue jurors,"Murders, Attempted Murders and Homicides",1
strong america region,Elections,1
season style actress,audio-neutral-informative,1
good friends months,United States Economy,1
good friends months,Content Type: Personal Profile,1
current ve theater,Global Warming,1
team day manhattan,Cooking and Cookbooks,1
time dishes trip,Cooking and Cookbooks,1
time dishes trip,Global Warming,1
cover scandal business,New York State Criminal Case Against Trump (71543-23),1
student man virginia,Content Type: Personal Profile,1
strong america region,Deaths (Obituaries),1
like travelers catherine,Computers and the Internet,1
work century west,Movies,1
country making power,Deaths (Obituaries),1
plus sailboat patients,internal-sub-only-nl,1
strong america region,Israel-Gaza War (2023- ),1
good friends months,Books and Literature,1
artist line life,Classical Music,1
american premiere conducted,Classical Music,1
social media people,Social Media,1
good friends months,Artificial Intelligence,1
social media people,Movies,1
state home secretary,Abortion,1
political house future,internal-sub-only-nl,1
cover scandal business,Primaries and Caucuses,1
men key mcconnell,Defense and Military Forces,1
strong america region,Culture (Arts),1
vote comes speech,Abortion,1
cover scandal business,Royal Families,1
cover scandal business,Decisions and Verdicts,1
american premiere conducted,United States International Relations,1
russia tolokonnikova nadya,Russian Invasion of Ukraine (2022),1
just weeks maybe,AIRLINES AND AIRPLANES,1
live results maps,internal-paywall-exempt,1
district attorney county,Georgia Criminal Case Against Trump (2020 Election),1
love fall ballet,internal-storyline-no,1
strong america region,Primaries and Caucuses,1
like travelers catherine,Travel and Vacations,1
academic freedom school,Colleges and Universities,1
city southern fast,Culture (Arts),1
state home secretary,Elections,1
district attorney county,Georgia Criminal Case Against Trump (2020 Election),1
student man virginia,Movies,1
artist line life,Art,1
group called 2023,International Relations,1
city southern fast,Dancing,1
love fall ballet,Dancing,1
good friends months,Global Warming,1
said kimmel risk,Defense and Military Forces,1
states united charges,Abortion,1
food essential products,Restaurants,1
vote comes speech,Documentary Films and Programs,1
student man virginia,"Murders, Attempted Murders and Homicides",1
news diagnosis london,Royal Families,1
trump donald election,Presidential Election of 2024,1
court supreme authority,Illegal Immigration,1
long tax code,Law and Legislation,1
latest wide legislation,Fashion and Apparel,1
news diagnosis london,United States International Relations,1
long tax code,AIRLINES AND AIRPLANES,1
country making power,Culture (Arts),1
just weeks maybe,Weddings and Engagements,1
plus sailboat patients,"Murders, Attempted Murders and Homicides",1
live results maps,Elections,1
city southern fast,Illegal Immigration,1
academic freedom school,Books and Literature,1
new york change,Culture (Arts),1
case actor individual,Dancing,1
political house future,Classical Music,1
academic freedom school,internal-sub-only-nl,1
trump donald election,Primaries and Caucuses,1
israel gaza plan,Palestinians,1
music including director,Pop and Rock Music,1
student man virginia,AIRLINES AND AIRPLANES,1
states united charges,Politics and Government,1
russia tolokonnikova nadya,Russian Invasion of Ukraine (2022),1
states united charges,International Relations,1
states united charges,"Demonstrations, Protests and Riots",1
district attorney county,Georgia Criminal Case Against Trump (2020 Election),1
world economy international,Books and Literature,1
live results maps,Primaries and Caucuses,1
plus sailboat patients,Real Estate and Housing (Residential),1
trump donald election,United States International Relations,1
film art gathered,Documentary Films and Programs,1
work century west,Movies,1
new york change,Real Estate and Housing (Residential),1
world economy international,internal-storyline-no,1
political house future,United States Economy,1
current ve theater,Presidential Election of 2024,1
cover scandal business,Georgia Criminal Case Against Trump (2020 Election),1
world economy international,United States Economy,1
world economy international,United States Economy,1
just weeks maybe,Colleges and Universities,1
music including director,Classical Music,1
vote comes speech,Decisions and Verdicts,1
court supreme authority,Decisions and Verdicts,1
love fall ballet,Theater,1
new york change,Illegal Immigration,1
vote comes speech,Primaries and Caucuses,1
brooklyn family big,Restaurants,1
live results maps,Elections,1
brooklyn family big,Restaurants,1
country making power,Restaurants,1
cover scandal business,New York State Criminal Case Against Trump (71543-23),1
live results maps,Culture (Arts),1
artist line life,Content Type: Personal Profile,1
social media people,Social Media,1
american premiere conducted,Books and Literature,1
just weeks maybe,Cooking and Cookbooks,1
good friends months,Weddings and Engagements,1
tests research north,Fashion and Apparel,1
events historical sort,Travel and Vacations,1
time dishes trip,"Demonstrations, Protests and Riots",1
new york change,internal-sub-only-nl,1
good friends months,Weddings and Engagements,1
brooklyn family big,Travel and Vacations,1
academic freedom school,"Demonstrations, Protests and Riots",1
events historical sort,internal-paywall-exempt,1
student man virginia,Fashion and Apparel,1
city southern fast,United States International Relations,1
cover scandal business,Deaths (Obituaries),1
trump donald election,Georgia Criminal Case Against Trump (2020 Election),1
ukrainian russian says,Russian Invasion of Ukraine (2022),1
court supreme authority,Decisions and Verdicts,1
plus sailboat patients,Russian Invasion of Ukraine (2022),1
music including director,Pop and Rock Music,1
work century west,Books and Literature,1
russia tolokonnikova nadya,audio-neutral-informative,1
student man virginia,Colleges and Universities,1
trump donald election,New York State Criminal Case Against Trump (71543-23),1
current ve theater,Travel and Vacations,1
russia tolokonnikova nadya,Defense and Military Forces,1
plus sailboat patients,Art,1
news diagnosis london,Royal Families,1
russia tolokonnikova nadya,Politics and Government,1
team day manhattan,Pop and Rock Music,1
student man virginia,AIRLINES AND AIRPLANES,1
strong america region,Travel and Vacations,1
russia tolokonnikova nadya,Russian Invasion of Ukraine (2022),1
strong america region,Computers and the Internet,1
good friends months,Theater,1
abortion civil ban,Abortion,1
president biden voters,internal-storyline-no,1
state home secretary,International Relations,1
events historical sort,internal-paywall-exempt,1
state home secretary,"Demonstrations, Protests and Riots",1
team day manhattan,New York State Criminal Case Against Trump (71543-23),1
season style actress,Culture (Arts),1
live results maps,internal-paywall-exempt,1
court supreme authority,Television,1
state home secretary,Israel-Gaza War (2023- ),1
time dishes trip,Decisions and Verdicts,1
film art gathered,Dancing,1
new york change,internal-storyline-no,1
latest wide legislation,Theater,1
american premiere conducted,International Relations,1
like travelers catherine,Artificial Intelligence,1
court supreme authority,Law and Legislation,1
love fall ballet,Dancing,1
district attorney county,Pop and Rock Music,1
world economy international,Television,1
cover scandal business,United States Politics and Government,1
food essential products,Cooking and Cookbooks,1
city southern fast,Palestinians,1
long tax code,Israel-Gaza War (2023- ),1
good friends months,Royal Families,1
love fall ballet,Books and Literature,1
russia tolokonnikova nadya,Weddings and Engagements,1
men key mcconnell,Weddings and Engagements,1
academic freedom school,Movies,1
russia tolokonnikova nadya,audio-neutral-informative,1
live results maps,Elections,1
music including director,Pop and Rock Music,1
like travelers catherine,Television,1
plus sailboat patients,Real Estate and Housing (Residential),1
abortion civil ban,"Demonstrations, Protests and Riots",1
long tax code,Weddings and Engagements,1
time dishes trip,Television,1
live results maps,internal-paywall-exempt,1
friday continue jurors,Computers and the Internet,1
student man virginia,Documentary Films and Programs,1
political house future,Presidential Election of 2024,1
israel gaza plan,Palestinians,1
men key mcconnell,Presidential Election of 2024,1
trump donald election,United States Politics and Government,1
ukrainian russian says,Russian Invasion of Ukraine (2022),1
city southern fast,Restaurants,1
long tax code,Content Type: Personal Profile,1
tests research north,Travel and Vacations,1
love fall ballet,Dancing,1
said kimmel risk,Television,1
cover scandal business,International Relations,1
food essential products,International Relations,1
israel gaza plan,Palestinians,1
city southern fast,Culture (Arts),1
russia tolokonnikova nadya,Social Media,1
tests research north,your-feed-science,1
tests research north,Global Warming,1
strong america region,United States Economy,1
music including director,your-feed-science,1
state home secretary,AIRLINES AND AIRPLANES,1
federal texas administration,Illegal Immigration,1
friday continue jurors,Television,1
music including director,Computers and the Internet,1
new york change,Classical Music,1
like travelers catherine,Royal Families,1
academic freedom school,Colleges and Universities,1
ukrainian russian says,Defense and Military Forces,1
artist line life,Dancing,1
state home secretary,Primaries and Caucuses,1
district attorney county,internal-sub-only-nl,1
state home secretary,Abortion,1
trump donald election,Presidential Election of 2024,1
live results maps,Colleges and Universities,1
tests research north,United States International Relations,1
state home secretary,Israel-Gaza War (2023- ),1
world economy international,Artificial Intelligence,1
political house future,Elections,1
student man virginia,your-feed-science,1
plus sailboat patients,Documentary Films and Programs,1
cover scandal business,Global Warming,1
strong america region,Travel and Vacations,1
like travelers catherine,Travel and Vacations,1
plus sailboat patients,audio-neutral-informative,1
american premiere conducted,Russian Invasion of Ukraine (2022),1
week properties manhattan,Real Estate and Housing (Residential),1
friday continue jurors,Television,1
friday continue jurors,Artificial Intelligence,1
academic freedom school,Colleges and Universities,1
men key mcconnell,Law and Legislation,1
israel gaza plan,United States Politics and Government,1
student man virginia,Content Type: Personal Profile,1
men key mcconnell,Russian Invasion of Ukraine (2022),1
love fall ballet,audio-neutral-informative,1
student man virginia,"Murders, Attempted Murders and Homicides",1
court supreme authority,internal-sub-only-nl,1
vote comes speech,Royal Families,1
current ve theater,Israel-Gaza War (2023- ),1
just weeks maybe,Weddings and Engagements,1
just weeks maybe,Social Media,1
state home secretary,Law and Legislation,1
work century west,Real Estate and Housing (Residential),1
political house future,United States International Relations,1
brooklyn family big,Art,1
friday continue jurors,Law and Legislation,1
case actor individual,audio-neutral-informative,1
israel gaza plan,Israel-Gaza War (2023- ),1
abortion civil ban,Abortion,1
artist line life,Pop and Rock Music,1
strong america region,Art,1
men key mcconnell,Elections,1
ukrainian russian says,Politics and Government,1
tests research north,Fashion and Apparel,1
team day manhattan,New York State Criminal Case Against Trump (71543-23),1
new york change,Pop and Rock Music,1
new york change,Classical Music,1
time dishes trip,Movies,1
group called 2023,Real Estate and Housing (Residential),1
student man virginia,Weddings and Engagements,1
live results maps,internal-storyline-no,1
love fall ballet,Theater,1
friday continue jurors,New York State Criminal Case Against Trump (71543-23),1
social media people,your-feed-science,1
current ve theater,Theater,1
vote comes speech,Politics and Government,1
good friends months,"Murders, Attempted Murders and Homicides",1
district attorney county,Georgia Criminal Case Against Trump (2020 Election),1
states united charges,Abortion,1
live results maps,internal-paywall-exempt,1
states united charges,Politics and Government,1
good friends months,Illegal Immigration,1
season style actress,Fashion and Apparel,1
plus sailboat patients,International Relations,1
work century west,Artificial Intelligence,1
new york change,Art,1
tests research north,Colleges and Universities,1
states united charges,Social Media,1
like travelers catherine,Deaths (Obituaries),1
like travelers catherine,Computers and the Internet,1
student man virginia,"Demonstrations, Protests and Riots",1
tests research north,"Murders, Attempted Murders and Homicides",1
case actor individual,Georgia Criminal Case Against Trump (2020 Election),1
like travelers catherine,United States Economy,1
states united charges,United States International Relations,1
student man virginia,Movies,1
time dishes trip,Social Media,1
long tax code,Television,1
city southern fast,Israel-Gaza War (2023- ),1
new york change,internal-storyline-no,1
time dishes trip,Cooking and Cookbooks,1
student man virginia,Royal Families,1
friday continue jurors,Deaths (Obituaries),1
live results maps,internal-paywall-exempt,1
world economy international,your-feed-science,1
israel gaza plan,Defense and Military Forces,1
political house future,Artificial Intelligence,1
cover scandal business,New York State Criminal Case Against Trump (71543-23),1
american premiere conducted,Colleges and Universities,1
love fall ballet,Movies,1
case actor individual,"Murders, Attempted Murders and Homicides",1
just weeks maybe,Israel-Gaza War (2023- ),1
group called 2023,United States Politics and Government,1
court supreme authority,Decisions and Verdicts,1
new york change,your-feed-science,1
strong america region,New York State Criminal Case Against Trump (71543-23),1
country making power,International Relations,1
good friends months,Global Warming,1
israel gaza plan,Palestinians,1
russia tolokonnikova nadya,Defense and Military Forces,1
social media people,Artificial Intelligence,1
brooklyn family big,internal-storyline-no,1
city southern fast,Content Type: Personal Profile,1
american premiere conducted,Classical Music,1
new york change,Computers and the Internet,1
new york change,Fashion and Apparel,1
brooklyn family big,Art,1
american premiere conducted,United States Economy,1
brooklyn family big,Real Estate and Housing (Residential),1
food essential products,Cooking and Cookbooks,1
good friends months,Theater,1
tests research north,Documentary Films and Programs,1
vote comes speech,Law and Legislation,1
men key mcconnell,Social Media,1
district attorney county,Georgia Criminal Case Against Trump (2020 Election),1
states united charges,audio-neutral-informative,1
trump donald election,United States Politics and Government,1
just weeks maybe,Fashion and Apparel,2
state home secretary,Decisions and Verdicts,2
political house future,internal-sub-only-nl,2
artist line life,Deaths (Obituaries),2
long tax code,"Demonstrations, Protests and Riots",2
said kimmel risk,AIRLINES AND AIRPLANES,2
court supreme authority,Decisions and Verdicts,2
states united charges,Palestinians,2
federal texas administration,Illegal Immigration,2
brooklyn family big,Documentary Films and Programs,2
strong america region,Palestinians,2
abortion civil ban,Art,2
tests research north,Defense and Military Forces,2
tests research north,AIRLINES AND AIRPLANES,2
events historical sort,internal-paywall-exempt,2
tests research north,Politics and Government,2
time dishes trip,Palestinians,2
time dishes trip,your-feed-science,2
work century west,"Demonstrations, Protests and Riots",2
news diagnosis london,Restaurants,2
strong america region,Pop and Rock Music,2
world economy international,your-feed-science,2
state home secretary,Politics and Government,2
artist line life,Content Type: Personal Profile,2
time dishes trip,Real Estate and Housing (Residential),2
new york change,Computers and the Internet,2
live results maps,Culture (Arts),2
state home secretary,Primaries and Caucuses,2
long tax code,Social Media,2
political house future,Politics and Government,2
state home secretary,Presidential Election of 2024,2
states united charges,Fashion and Apparel,2
music including director,Classical Music,2
season style actress,Cooking and Cookbooks,2
work century west,Deaths (Obituaries),2
news diagnosis london,Royal Families,2
events historical sort,Documentary Films and Programs,2
strong america region,Global Warming,2
good friends months,internal-storyline-no,2
vote comes speech,Elections,2
said kimmel risk,United States Politics and Government,2
latest wide legislation,Law and Legislation,2
cover scandal business,Law and Legislation,2
food essential products,Restaurants,2
film art gathered,Art,2
states united charges,Restaurants,2
news diagnosis london,audio-neutral-informative,2
russia tolokonnikova nadya,Defense and Military Forces,2
political house future,Artificial Intelligence,2
plus sailboat patients,Computers and the Internet,2
men key mcconnell,"Murders, Attempted Murders and Homicides",2
student man virginia,Books and Literature,2
news diagnosis london,AIRLINES AND AIRPLANES,2
group called 2023,United States Politics and Government,2
trump donald election,United States Politics and Government,2
state home secretary,United States International Relations,2
food essential products,Global Warming,2
student man virginia,internal-sub-only-nl,2
music including director,Dancing,2
trump donald election,Primaries and Caucuses,2
city southern fast,Theater,2
court supreme authority,Illegal Immigration,2
film art gathered,Documentary Films and Programs,2
work century west,United States Economy,2
trump donald election,Theater,2
strong america region,Illegal Immigration,2
love fall ballet,Books and Literature,2
trump donald election,Presidential Election of 2024,2
current ve theater,Presidential Election of 2024,2
brooklyn family big,Content Type: Personal Profile,2
states united charges,Abortion,2
food essential products,Cooking and Cookbooks,2
political house future,Deaths (Obituaries),2
friday continue jurors,"Murders, Attempted Murders and Homicides",2
strong america region,Elections,2
season style actress,audio-neutral-informative,2
good friends months,United States Economy,2
good friends months,Content Type: Personal Profile,2
current ve theater,Global Warming,2
team day manhattan,Cooking and Cookbooks,2
time dishes trip,Cooking and Cookbooks,2
time dishes trip,Global Warming,2
cover scandal business,New York State Criminal Case Against Trump (71543-23),2
student man virginia,Content Type: Personal Profile,2
strong america region,Deaths (Obituaries),2
like travelers catherine,Computers and the Internet,2
work century west,Movies,2
country making power,Deaths (Obituaries),2
plus sailboat patients,internal-sub-only-nl,2
strong america region,Israel-Gaza War (2023- ),2
good friends months,Books and Literature,2
artist line life,Classical Music,2
american premiere conducted,Classical Music,2
social media people,Social Media,2
good friends months,Artificial Intelligence,2
social media people,Movies,2
state home secretary,Abortion,2
political house future,internal-sub-only-nl,2
cover scandal business,Primaries and Caucuses,2
men key mcconnell,Defense and Military Forces,2
strong america region,Culture (Arts),2
vote comes speech,Abortion,2
cover scandal business,Royal Families,2
cover scandal business,Decisions and Verdicts,2
american premiere conducted,United States International Relations,2
russia tolokonnikova nadya,Russian Invasion of Ukraine (2022),2
just weeks maybe,AIRLINES AND AIRPLANES,2
live results maps,internal-paywall-exempt,2
district attorney county,Georgia Criminal Case Against Trump (2020 Election),2
love fall ballet,internal-storyline-no,2
strong america region,Primaries and Caucuses,2
like travelers catherine,Travel and Vacations,2
academic freedom school,Colleges and Universities,2
city southern fast,Culture (Arts),2
state home secretary,Elections,2
district attorney county,Georgia Criminal Case Against Trump (2020 Election),2
student man virginia,Movies,2
artist line life,Art,2
group called 2023,International Relations,2
city southern fast,Dancing,2
love fall ballet,Dancing,2
good friends months,Global Warming,2
said kimmel risk,Defense and Military Forces,2
states united charges,Abortion,2
food essential products,Restaurants,2
vote comes speech,Documentary Films and Programs,2
student man virginia,"Murders, Attempted Murders and Homicides",2
news diagnosis london,Royal Families,2
trump donald election,Presidential Election of 2024,2
court supreme authority,Illegal Immigration,2
long tax code,Law and Legislation,2
latest wide legislation,Fashion and Apparel,2
news diagnosis london,United States International Relations,2
long tax code,AIRLINES AND AIRPLANES,2
country making power,Culture (Arts),2
just weeks maybe,Weddings and Engagements,2
plus sailboat patients,"Murders, Attempted Murders and Homicides",2
live results maps,Elections,2
city southern fast,Illegal Immigration,2
academic freedom school,Books and Literature,2
new york change,Culture (Arts),2
case actor individual,Dancing,2
political house future,Classical Music,2
academic freedom school,internal-sub-only-nl,2
trump donald election,Primaries and Caucuses,2
israel gaza plan,Palestinians,2
music including director,Pop and Rock Music,2
student man virginia,AIRLINES AND AIRPLANES,2
states united charges,Politics and Government,2
russia tolokonnikova nadya,Russian Invasion of Ukraine (2022),2
states united charges,International Relations,2
states united charges,"Demonstrations, Protests and Riots",2
district attorney county,Georgia Criminal Case Against Trump (2020 Election),2
world economy international,Books and Literature,2
live results maps,Primaries and Caucuses,2
plus sailboat patients,Real Estate and Housing (Residential),2
trump donald election,United States International Relations,2
film art gathered,Documentary Films and Programs,2
work century west,Movies,2
new york change,Real Estate and Housing (Residential),2
world economy international,internal-storyline-no,2
political house future,United States Economy,2
current ve theater,Presidential Election of 2024,2
cover scandal business,Georgia Criminal Case Against Trump (2020 Election),2
world economy international,United States Economy,2
world economy international,United States Economy,2
just weeks maybe,Colleges and Universities,2
music including director,Classical Music,2
vote comes speech,Decisions and Verdicts,2
court supreme authority,Decisions and Verdicts,2
love fall ballet,Theater,2
new york change,Illegal Immigration,2
vote comes speech,Primaries and Caucuses,2
brooklyn family big,Restaurants,2
live results maps,Elections,2
brooklyn family big,Restaurants,2
country making power,Restaurants,2
cover scandal business,New York State Criminal Case Against Trump (71543-23),2
live results maps,Culture (Arts),2
artist line life,Content Type: Personal Profile,2
social media people,Social Media,2
american premiere conducted,Books and Literature,2
just weeks maybe,Cooking and Cookbooks,2
good friends months,Weddings and Engagements,2
tests research north,Fashion and Apparel,2
events historical sort,Travel and Vacations,2
time dishes trip,"Demonstrations, Protests and Riots",2
new york change,internal-sub-only-nl,2
good friends months,Weddings and Engagements,2
brooklyn family big,Travel and Vacations,2
academic freedom school,"Demonstrations, Protests and Riots",2
events historical sort,internal-paywall-exempt,2
student man virginia,Fashion and Apparel,2
city southern fast,United States International Relations,2
cover scandal business,Deaths (Obituaries),2
trump donald election,Georgia Criminal Case Against Trump (2020 Election),2
ukrainian russian says,Russian Invasion of Ukraine (2022),2
court supreme authority,Decisions and Verdicts,2
plus sailboat patients,Russian Invasion of Ukraine (2022),2
music including director,Pop and Rock Music,2
work century west,Books and Literature,2
russia tolokonnikova nadya,audio-neutral-informative,2
student man virginia,Colleges and Universities,2
trump donald election,New York State Criminal Case Against Trump (71543-23),2
current ve theater,Travel and Vacations,2
russia tolokonnikova nadya,Defense and Military Forces,2
plus sailboat patients,Art,2
news diagnosis london,Royal Families,2
russia tolokonnikova nadya,Politics and Government,2
team day manhattan,Pop and Rock Music,2
student man virginia,AIRLINES AND AIRPLANES,2
strong america region,Travel and Vacations,2
russia tolokonnikova nadya,Russian Invasion of Ukraine (2022),2
strong america region,Computers and the Internet,2
good friends months,Theater,2
abortion civil ban,Abortion,2
president biden voters,internal-storyline-no,2
state home secretary,International Relations,2
events historical sort,internal-paywall-exempt,2
state home secretary,"Demonstrations, Protests and Riots",2
team day manhattan,New York State Criminal Case Against Trump (71543-23),2
season style actress,Culture (Arts),2
live results maps,internal-paywall-exempt,2
court supreme authority,Television,2
state home secretary,Israel-Gaza War (2023- ),2
time dishes trip,Decisions and Verdicts,2
film art gathered,Dancing,2
new york change,internal-storyline-no,2
latest wide legislation,Theater,2
american premiere conducted,International Relations,2
like travelers catherine,Artificial Intelligence,2
court supreme authority,Law and Legislation,2
love fall ballet,Dancing,2
district attorney county,Pop and Rock Music,2
world economy international,Television,2
cover scandal business,United States Politics and Government,2
food essential products,Cooking and Cookbooks,2
city southern fast,Palestinians,2
long tax code,Israel-Gaza War (2023- ),2
good friends months,Royal Families,2
love fall ballet,Books and Literature,2
russia tolokonnikova nadya,Weddings and Engagements,2
men key mcconnell,Weddings and Engagements,2
academic freedom school,Movies,2
russia tolokonnikova nadya,audio-neutral-informative,2
live results maps,Elections,2
music including director,Pop and Rock Music,2
like travelers catherine,Television,2
plus sailboat patients,Real Estate and Housing (Residential),2
abortion civil ban,"Demonstrations, Protests and Riots",2
long tax code,Weddings and Engagements,2
time dishes trip,Television,2
live results maps,internal-paywall-exempt,2
friday continue jurors,Computers and the Internet,2
student man virginia,Documentary Films and Programs,2
political house future,Presidential Election of 2024,2
israel gaza plan,Palestinians,2
men key mcconnell,Presidential Election of 2024,2
trump donald election,United States Politics and Government,2
ukrainian russian says,Russian Invasion of Ukraine (2022),2
city southern fast,Restaurants,2
long tax code,Content Type: Personal Profile,2
tests research north,Travel and Vacations,2
love fall ballet,Dancing,2
said kimmel risk,Television,2
cover scandal business,International Relations,2
food essential products,International Relations,2
israel gaza plan,Palestinians,2
city southern fast,Culture (Arts),2
russia tolokonnikova nadya,Social Media,2
tests research north,your-feed-science,2
tests research north,Global Warming,2
strong america region,United States Economy,2
music including director,your-feed-science,2
state home secretary,AIRLINES AND AIRPLANES,2
federal texas administration,Illegal Immigration,2
friday continue jurors,Television,2
music including director,Computers and the Internet,2
new york change,Classical Music,2
like travelers catherine,Royal Families,2
academic freedom school,Colleges and Universities,2
ukrainian russian says,Defense and Military Forces,2
artist line life,Dancing,2
state home secretary,Primaries and Caucuses,2
district attorney county,internal-sub-only-nl,2
state home secretary,Abortion,2
trump donald election,Presidential Election of 2024,2
live results maps,Colleges and Universities,2
tests research north,United States International Relations,2
state home secretary,Israel-Gaza War (2023- ),2
world economy international,Artificial Intelligence,2
political house future,Elections,2
student man virginia,your-feed-science,2
plus sailboat patients,Documentary Films and Programs,2
cover scandal business,Global Warming,2
strong america region,Travel and Vacations,2
like travelers catherine,Travel and Vacations,2
plus sailboat patients,audio-neutral-informative,2
american premiere conducted,Russian Invasion of Ukraine (2022),2
week properties manhattan,Real Estate and Housing (Residential),2
friday continue jurors,Television,2
friday continue jurors,Artificial Intelligence,2
academic freedom school,Colleges and Universities,2
men key mcconnell,Law and Legislation,2
israel gaza plan,United States Politics and Government,2
student man virginia,Content Type: Personal Profile,2
men key mcconnell,Russian Invasion of Ukraine (2022),2
love fall ballet,audio-neutral-informative,2
student man virginia,"Murders, Attempted Murders and Homicides",2
court supreme authority,internal-sub-only-nl,2
vote comes speech,Royal Families,2
current ve theater,Israel-Gaza War (2023- ),2
just weeks maybe,Weddings and Engagements,2
just weeks maybe,Social Media,2
state home secretary,Law and Legislation,2
work century west,Real Estate and Housing (Residential),2
political house future,United States International Relations,2
brooklyn family big,Art,2
friday continue jurors,Law and Legislation,2
case actor individual,audio-neutral-informative,2
israel gaza plan,Israel-Gaza War (2023- ),2
abortion civil ban,Abortion,2
artist line life,Pop and Rock Music,2
strong america region,Art,2
men key mcconnell,Elections,2
ukrainian russian says,Politics and Government,2
tests research north,Fashion and Apparel,2
team day manhattan,New York State Criminal Case Against Trump (71543-23),2
new york change,Pop and Rock Music,2
new york change,Classical Music,2
time dishes trip,Movies,2
group called 2023,Real Estate and Housing (Residential),2
student man virginia,Weddings and Engagements,2
live results maps,internal-storyline-no,2
love fall ballet,Theater,2
friday continue jurors,New York State Criminal Case Against Trump (71543-23),2
social media people,your-feed-science,2
current ve theater,Theater,2
vote comes speech,Politics and Government,2
good friends months,"Murders, Attempted Murders and Homicides",2
district attorney county,Georgia Criminal Case Against Trump (2020 Election),2
states united charges,Abortion,2
live results maps,internal-paywall-exempt,2
states united charges,Politics and Government,2
good friends months,Illegal Immigration,2
season style actress,Fashion and Apparel,2
plus sailboat patients,International Relations,2
work century west,Artificial Intelligence,2
new york change,Art,2
tests research north,Colleges and Universities,2
states united charges,Social Media,2
like travelers catherine,Deaths (Obituaries),2
like travelers catherine,Computers and the Internet,2
student man virginia,"Demonstrations, Protests and Riots",2
tests research north,"Murders, Attempted Murders and Homicides",2
case actor individual,Georgia Criminal Case Against Trump (2020 Election),2
like travelers catherine,United States Economy,2
states united charges,United States International Relations,2
student man virginia,Movies,2
time dishes trip,Social Media,2
long tax code,Television,2
city southern fast,Israel-Gaza War (2023- ),2
new york change,internal-storyline-no,2
time dishes trip,Cooking and Cookbooks,2
student man virginia,Royal Families,2
friday continue jurors,Deaths (Obituaries),2
live results maps,internal-paywall-exempt,2
world economy international,your-feed-science,2
israel gaza plan,Defense and Military Forces,2
political house future,Artificial Intelligence,2
cover scandal business,New York State Criminal Case Against Trump (71543-23),2
american premiere conducted,Colleges and Universities,2
love fall ballet,Movies,2
case actor individual,"Murders, Attempted Murders and Homicides",2
just weeks maybe,Israel-Gaza War (2023- ),2
group called 2023,United States Politics and Government,2
court supreme authority,Decisions and Verdicts,2
new york change,your-feed-science,2
strong america region,New York State Criminal Case Against Trump (71543-23),2
country making power,International Relations,2
good friends months,Global Warming,2
israel gaza plan,Palestinians,2
russia tolokonnikova nadya,Defense and Military Forces,2
social media people,Artificial Intelligence,2
brooklyn family big,internal-storyline-no,2
city southern fast,Content Type: Personal Profile,2
american premiere conducted,Classical Music,2
new york change,Computers and the Internet,2
new york change,Fashion and Apparel,2
brooklyn family big,Art,2
american premiere conducted,United States Economy,2
brooklyn family big,Real Estate and Housing (Residential),2
food essential products,Cooking and Cookbooks,2
good friends months,Theater,2
tests research north,Documentary Films and Programs,2
vote comes speech,Law and Legislation,2
men key mcconnell,Social Media,2
district attorney county,Georgia Criminal Case Against Trump (2020 Election),2
states united charges,audio-neutral-informative,2
trump donald election,United States Politics and Government,2
just weeks maybe,Fashion and Apparel,3
state home secretary,Decisions and Verdicts,3
political house future,internal-sub-only-nl,3
artist line life,Deaths (Obituaries),3
long tax code,"Demonstrations, Protests and Riots",3
said kimmel risk,AIRLINES AND AIRPLANES,3
court supreme authority,Decisions and Verdicts,3
states united charges,Palestinians,3
federal texas administration,Illegal Immigration,3
brooklyn family big,Documentary Films and Programs,3
strong america region,Palestinians,3
abortion civil ban,Art,3
tests research north,Defense and Military Forces,3
tests research north,AIRLINES AND AIRPLANES,3
events historical sort,internal-paywall-exempt,3
tests research north,Politics and Government,3
time dishes trip,Palestinians,3
time dishes trip,your-feed-science,3
work century west,"Demonstrations, Protests and Riots",3
news diagnosis london,Restaurants,3
strong america region,Pop and Rock Music,3
world economy international,your-feed-science,3
state home secretary,Politics and Government,3
artist line life,Content Type: Personal Profile,3
time dishes trip,Real Estate and Housing (Residential),3
new york change,Computers and the Internet,3
live results maps,Culture (Arts),3
state home secretary,Primaries and Caucuses,3
long tax code,Social Media,3
political house future,Politics and Government,3
state home secretary,Presidential Election of 2024,3
states united charges,Fashion and Apparel,3
music including director,Classical Music,3
season style actress,Cooking and Cookbooks,3
work century west,Deaths (Obituaries),3
news diagnosis london,Royal Families,3
events historical sort,Documentary Films and Programs,3
strong america region,Global Warming,3
good friends months,internal-storyline-no,3
vote comes speech,Elections,3
said kimmel risk,United States Politics and Government,3
latest wide legislation,Law and Legislation,3
cover scandal business,Law and Legislation,3
food essential products,Restaurants,3
film art gathered,Art,3
states united charges,Restaurants,3
news diagnosis london,audio-neutral-informative,3
russia tolokonnikova nadya,Defense and Military Forces,3
political house future,Artificial Intelligence,3
plus sailboat patients,Computers and the Internet,3
men key mcconnell,"Murders, Attempted Murders and Homicides",3
student man virginia,Books and Literature,3
news diagnosis london,AIRLINES AND AIRPLANES,3
group called 2023,United States Politics and Government,3
trump donald election,United States Politics and Government,3
state home secretary,United States International Relations,3
food essential products,Global Warming,3
student man virginia,internal-sub-only-nl,3
music including director,Dancing,3
trump donald election,Primaries and Caucuses,3
city southern fast,Theater,3
court supreme authority,Illegal Immigration,3
film art gathered,Documentary Films and Programs,3
work century west,United States Economy,3
trump donald election,Theater,3
strong america region,Illegal Immigration,3
love fall ballet,Books and Literature,3
trump donald election,Presidential Election of 2024,3
current ve theater,Presidential Election of 2024,3
brooklyn family big,Content Type: Personal Profile,3
states united charges,Abortion,3
food essential products,Cooking and Cookbooks,3
political house future,Deaths (Obituaries),3
friday continue jurors,"Murders, Attempted Murders and Homicides",3
strong america region,Elections,3
season style actress,audio-neutral-informative,3
good friends months,United States Economy,3
good friends months,Content Type: Personal Profile,3
current ve theater,Global Warming,3
team day manhattan,Cooking and Cookbooks,3
time dishes trip,Cooking and Cookbooks,3
time dishes trip,Global Warming,3
cover scandal business,New York State Criminal Case Against Trump (71543-23),3
student man virginia,Content Type: Personal Profile,3
strong america region,Deaths (Obituaries),3
like travelers catherine,Computers and the Internet,3
work century west,Movies,3
country making power,Deaths (Obituaries),3
plus sailboat patients,internal-sub-only-nl,3
strong america region,Israel-Gaza War (2023- ),3
good friends months,Books and Literature,3
artist line life,Classical Music,3
american premiere conducted,Classical Music,3
social media people,Social Media,3
good friends months,Artificial Intelligence,3
social media people,Movies,3
state home secretary,Abortion,3
political house future,internal-sub-only-nl,3
cover scandal business,Primaries and Caucuses,3
men key mcconnell,Defense and Military Forces,3
strong america region,Culture (Arts),3
vote comes speech,Abortion,3
cover scandal business,Royal Families,3
cover scandal business,Decisions and Verdicts,3
american premiere conducted,United States International Relations,3
russia tolokonnikova nadya,Russian Invasion of Ukraine (2022),3
just weeks maybe,AIRLINES AND AIRPLANES,3
live results maps,internal-paywall-exempt,3
district attorney county,Georgia Criminal Case Against Trump (2020 Election),3
love fall ballet,internal-storyline-no,3
strong america region,Primaries and Caucuses,3
like travelers catherine,Travel and Vacations,3
academic freedom school,Colleges and Universities,3
city southern fast,Culture (Arts),3
state home secretary,Elections,3
district attorney county,Georgia Criminal Case Against Trump (2020 Election),3
student man virginia,Movies,3
artist line life,Art,3
group called 2023,International Relations,3
city southern fast,Dancing,3
love fall ballet,Dancing,3
good friends months,Global Warming,3
said kimmel risk,Defense and Military Forces,3
states united charges,Abortion,3
food essential products,Restaurants,3
vote comes speech,Documentary Films and Programs,3
student man virginia,"Murders, Attempted Murders and Homicides",3
news diagnosis london,Royal Families,3
trump donald election,Presidential Election of 2024,3
court supreme authority,Illegal Immigration,3
long tax code,Law and Legislation,3
latest wide legislation,Fashion and Apparel,3
news diagnosis london,United States International Relations,3
long tax code,AIRLINES AND AIRPLANES,3
country making power,Culture (Arts),3
just weeks maybe,Weddings and Engagements,3
plus sailboat patients,"Murders, Attempted Murders and Homicides",3
live results maps,Elections,3
city southern fast,Illegal Immigration,3
academic freedom school,Books and Literature,3
new york change,Culture (Arts),3
case actor individual,Dancing,3
political house future,Classical Music,3
academic freedom school,internal-sub-only-nl,3
trump donald election,Primaries and Caucuses,3
israel gaza plan,Palestinians,3
music including director,Pop and Rock Music,3
student man virginia,AIRLINES AND AIRPLANES,3
states united charges,Politics and Government,3
russia tolokonnikova nadya,Russian Invasion of Ukraine (2022),3
states united charges,International Relations,3
states united charges,"Demonstrations, Protests and Riots",3
district attorney county,Georgia Criminal Case Against Trump (2020 Election),3
world economy international,Books and Literature,3
live results maps,Primaries and Caucuses,3
plus sailboat patients,Real Estate and Housing (Residential),3
trump donald election,United States International Relations,3
film art gathered,Documentary Films and Programs,3
work century west,Movies,3
new york change,Real Estate and Housing (Residential),3
world economy international,internal-storyline-no,3
political house future,United States Economy,3
current ve theater,Presidential Election of 2024,3
cover scandal business,Georgia Criminal Case Against Trump (2020 Election),3
world economy international,United States Economy,3
world economy international,United States Economy,3
just weeks maybe,Colleges and Universities,3
music including director,Classical Music,3
vote comes speech,Decisions and Verdicts,3
court supreme authority,Decisions and Verdicts,3
love fall ballet,Theater,3
new york change,Illegal Immigration,3
vote comes speech,Primaries and Caucuses,3
brooklyn family big,Restaurants,3
live results maps,Elections,3
brooklyn family big,Restaurants,3
country making power,Restaurants,3
cover scandal business,New York State Criminal Case Against Trump (71543-23),3
live results maps,Culture (Arts),3
artist line life,Content Type: Personal Profile,3
social media people,Social Media,3
american premiere conducted,Books and Literature,3
just weeks maybe,Cooking and Cookbooks,3
good friends months,Weddings and Engagements,3
tests research north,Fashion and Apparel,3
events historical sort,Travel and Vacations,3
time dishes trip,"Demonstrations, Protests and Riots",3
new york change,internal-sub-only-nl,3
good friends months,Weddings and Engagements,3
brooklyn family big,Travel and Vacations,3
academic freedom school,"Demonstrations, Protests and Riots",3
events historical sort,internal-paywall-exempt,3
student man virginia,Fashion and Apparel,3
city southern fast,United States International Relations,3
cover scandal business,Deaths (Obituaries),3
trump donald election,Georgia Criminal Case Against Trump (2020 Election),3
ukrainian russian says,Russian Invasion of Ukraine (2022),3
court supreme authority,Decisions and Verdicts,3
plus sailboat patients,Russian Invasion of Ukraine (2022),3
music including director,Pop and Rock Music,3
work century west,Books and Literature,3
russia tolokonnikova nadya,audio-neutral-informative,3
student man virginia,Colleges and Universities,3
trump donald election,New York State Criminal Case Against Trump (71543-23),3
current ve theater,Travel and Vacations,3
russia tolokonnikova nadya,Defense and Military Forces,3
plus sailboat patients,Art,3
news diagnosis london,Royal Families,3
russia tolokonnikova nadya,Politics and Government,3
team day manhattan,Pop and Rock Music,3
student man virginia,AIRLINES AND AIRPLANES,3
strong america region,Travel and Vacations,3
russia tolokonnikova nadya,Russian Invasion of Ukraine (2022),3
strong america region,Computers and the Internet,3
good friends months,Theater,3
abortion civil ban,Abortion,3
president biden voters,internal-storyline-no,3
state home secretary,International Relations,3
events historical sort,internal-paywall-exempt,3
state home secretary,"Demonstrations, Protests and Riots",3
team day manhattan,New York State Criminal Case Against Trump (71543-23),3
season style actress,Culture (Arts),3
live results maps,internal-paywall-exempt,3
court supreme authority,Television,3
state home secretary,Israel-Gaza War (2023- ),3
time dishes trip,Decisions and Verdicts,3
film art gathered,Dancing,3
new york change,internal-storyline-no,3
latest wide legislation,Theater,3
american premiere conducted,International Relations,3
like travelers catherine,Artificial Intelligence,3
court supreme authority,Law and Legislation,3
love fall ballet,Dancing,3
district attorney county,Pop and Rock Music,3
world economy international,Television,3
cover scandal business,United States Politics and Government,3
food essential products,Cooking and Cookbooks,3
city southern fast,Palestinians,3
long tax code,Israel-Gaza War (2023- ),3
good friends months,Royal Families,3
love fall ballet,Books and Literature,3
russia tolokonnikova nadya,Weddings and Engagements,3
men key mcconnell,Weddings and Engagements,3
academic freedom school,Movies,3
russia tolokonnikova nadya,audio-neutral-informative,3
live results maps,Elections,3
music including director,Pop and Rock Music,3
like travelers catherine,Television,3
plus sailboat patients,Real Estate and Housing (Residential),3
abortion civil ban,"Demonstrations, Protests and Riots",3
long tax code,Weddings and Engagements,3
time dishes trip,Television,3
live results maps,internal-paywall-exempt,3
friday continue jurors,Computers and the Internet,3
student man virginia,Documentary Films and Programs,3
political house future,Presidential Election of 2024,3
israel gaza plan,Palestinians,3
men key mcconnell,Presidential Election of 2024,3
trump donald election,United States Politics and Government,3
ukrainian russian says,Russian Invasion of Ukraine (2022),3
city southern fast,Restaurants,3
long tax code,Content Type: Personal Profile,3
tests research north,Travel and Vacations,3
love fall ballet,Dancing,3
said kimmel risk,Television,3
cover scandal business,International Relations,3
food essential products,International Relations,3
israel gaza plan,Palestinians,3
city southern fast,Culture (Arts),3
russia tolokonnikova nadya,Social Media,3
tests research north,your-feed-science,3
tests research north,Global Warming,3
strong america region,United States Economy,3
music including director,your-feed-science,3
state home secretary,AIRLINES AND AIRPLANES,3
federal texas administration,Illegal Immigration,3
friday continue jurors,Television,3
music including director,Computers and the Internet,3
new york change,Classical Music,3
like travelers catherine,Royal Families,3
academic freedom school,Colleges and Universities,3
ukrainian russian says,Defense and Military Forces,3
artist line life,Dancing,3
state home secretary,Primaries and Caucuses,3
district attorney county,internal-sub-only-nl,3
state home secretary,Abortion,3
trump donald election,Presidential Election of 2024,3
live results maps,Colleges and Universities,3
tests research north,United States International Relations,3
state home secretary,Israel-Gaza War (2023- ),3
world economy international,Artificial Intelligence,3
political house future,Elections,3
student man virginia,your-feed-science,3
plus sailboat patients,Documentary Films and Programs,3
cover scandal business,Global Warming,3
strong america region,Travel and Vacations,3
like travelers catherine,Travel and Vacations,3
plus sailboat patients,audio-neutral-informative,3
american premiere conducted,Russian Invasion of Ukraine (2022),3
week properties manhattan,Real Estate and Housing (Residential),3
friday continue jurors,Television,3
friday continue jurors,Artificial Intelligence,3
academic freedom school,Colleges and Universities,3
men key mcconnell,Law and Legislation,3
israel gaza plan,United States Politics and Government,3
student man virginia,Content Type: Personal Profile,3
men key mcconnell,Russian Invasion of Ukraine (2022),3
love fall ballet,audio-neutral-informative,3
student man virginia,"Murders, Attempted Murders and Homicides",3
court supreme authority,internal-sub-only-nl,3
vote comes speech,Royal Families,3
current ve theater,Israel-Gaza War (2023- ),3
just weeks maybe,Weddings and Engagements,3
just weeks maybe,Social Media,3
state home secretary,Law and Legislation,3
work century west,Real Estate and Housing (Residential),3
political house future,United States International Relations,3
brooklyn family big,Art,3
friday continue jurors,Law and Legislation,3
case actor individual,audio-neutral-informative,3
israel gaza plan,Israel-Gaza War (2023- ),3
abortion civil ban,Abortion,3
artist line life,Pop and Rock Music,3
strong america region,Art,3
men key mcconnell,Elections,3
ukrainian russian says,Politics and Government,3
tests research north,Fashion and Apparel,3
team day manhattan,New York State Criminal Case Against Trump (71543-23),3
new york change,Pop and Rock Music,3
new york change,Classical Music,3
time dishes trip,Movies,3
group called 2023,Real Estate and Housing (Residential),3
student man virginia,Weddings and Engagements,3
live results maps,internal-storyline-no,3
love fall ballet,Theater,3
friday continue jurors,New York State Criminal Case Against Trump (71543-23),3
social media people,your-feed-science,3
current ve theater,Theater,3
vote comes speech,Politics and Government,3
good friends months,"Murders, Attempted Murders and Homicides",3
district attorney county,Georgia Criminal Case Against Trump (2020 Election),3
states united charges,Abortion,3
live results maps,internal-paywall-exempt,3
states united charges,Politics and Government,3
good friends months,Illegal Immigration,3
season style actress,Fashion and Apparel,3
plus sailboat patients,International Relations,3
work century west,Artificial Intelligence,3
new york change,Art,3
tests research north,Colleges and Universities,3
states united charges,Social Media,3
like travelers catherine,Deaths (Obituaries),3
like travelers catherine,Computers and the Internet,3
student man virginia,"Demonstrations, Protests and Riots",3
tests research north,"Murders, Attempted Murders and Homicides",3
case actor individual,Georgia Criminal Case Against Trump (2020 Election),3
like travelers catherine,United States Economy,3
states united charges,United States International Relations,3
student man virginia,Movies,3
time dishes trip,Social Media,3
long tax code,Television,3
city southern fast,Israel-Gaza War (2023- ),3
new york change,internal-storyline-no,3
time dishes trip,Cooking and Cookbooks,3
student man virginia,Royal Families,3
friday continue jurors,Deaths (Obituaries),3
live results maps,internal-paywall-exempt,3
world economy international,your-feed-science,3
israel gaza plan,Defense and Military Forces,3
political house future,Artificial Intelligence,3
cover scandal business,New York State Criminal Case Against Trump (71543-23),3
american premiere conducted,Colleges and Universities,3
love fall ballet,Movies,3
case actor individual,"Murders, Attempted Murders and Homicides",3
just weeks maybe,Israel-Gaza War (2023- ),3
group called 2023,United States Politics and Government,3
court supreme authority,Decisions and Verdicts,3
new york change,your-feed-science,3
strong america region,New York State Criminal Case Against Trump (71543-23),3
country making power,International Relations,3
good friends months,Global Warming,3
israel gaza plan,Palestinians,3
russia tolokonnikova nadya,Defense and Military Forces,3
social media people,Artificial Intelligence,3
brooklyn family big,internal-storyline-no,3
city southern fast,Content Type: Personal Profile,3
american premiere conducted,Classical Music,3
new york change,Computers and the Internet,3
new york change,Fashion and Apparel,3
brooklyn family big,Art,3
american premiere conducted,United States Economy,3
brooklyn family big,Real Estate and Housing (Residential),3
food essential products,Cooking and Cookbooks,3
good friends months,Theater,3
tests research north,Documentary Films and Programs,3
vote comes speech,Law and Legislation,3
men key mcconnell,Social Media,3
district attorney county,Georgia Criminal Case Against Trump (2020 Election),3
states united charges,audio-neutral-informative,3
trump donald election,United States Politics and Government,3
just weeks maybe,Fashion and Apparel,4
state home secretary,Decisions and Verdicts,4
political house future,internal-sub-only-nl,4
artist line life,Deaths (Obituaries),4
long tax code,"Demonstrations, Protests and Riots",4
said kimmel risk,AIRLINES AND AIRPLANES,4
court supreme authority,Decisions and Verdicts,4
states united charges,Palestinians,4
federal texas administration,Illegal Immigration,4
brooklyn family big,Documentary Films and Programs,4
strong america region,Palestinians,4
abortion civil ban,Art,4
tests research north,Defense and Military Forces,4
tests research north,AIRLINES AND AIRPLANES,4
events historical sort,internal-paywall-exempt,4
tests research north,Politics and Government,4
time dishes trip,Palestinians,4
time dishes trip,your-feed-science,4
work century west,"Demonstrations, Protests and Riots",4
news diagnosis london,Restaurants,4
strong america region,Pop and Rock Music,4
world economy international,your-feed-science,4
state home secretary,Politics and Government,4
artist line life,Content Type: Personal Profile,4
time dishes trip,Real Estate and Housing (Residential),4
new york change,Computers and the Internet,4
live results maps,Culture (Arts),4
state home secretary,Primaries and Caucuses,4
long tax code,Social Media,4
political house future,Politics and Government,4
state home secretary,Presidential Election of 2024,4
states united charges,Fashion and Apparel,4
music including director,Classical Music,4
season style actress,Cooking and Cookbooks,4
work century west,Deaths (Obituaries),4
news diagnosis london,Royal Families,4
events historical sort,Documentary Films and Programs,4
strong america region,Global Warming,4
good friends months,internal-storyline-no,4
vote comes speech,Elections,4
said kimmel risk,United States Politics and Government,4
latest wide legislation,Law and Legislation,4
cover scandal business,Law and Legislation,4
food essential products,Restaurants,4
film art gathered,Art,4
states united charges,Restaurants,4
news diagnosis london,audio-neutral-informative,4
russia tolokonnikova nadya,Defense and Military Forces,4
political house future,Artificial Intelligence,4
plus sailboat patients,Computers and the Internet,4
men key mcconnell,"Murders, Attempted Murders and Homicides",4
student man virginia,Books and Literature,4
news diagnosis london,AIRLINES AND AIRPLANES,4
group called 2023,United States Politics and Government,4
trump donald election,United States Politics and Government,4
state home secretary,United States International Relations,4
food essential products,Global Warming,4
student man virginia,internal-sub-only-nl,4
music including director,Dancing,4
trump donald election,Primaries and Caucuses,4
city southern fast,Theater,4
court supreme authority,Illegal Immigration,4
film art gathered,Documentary Films and Programs,4
work century west,United States Economy,4
trump donald election,Theater,4
strong america region,Illegal Immigration,4
love fall ballet,Books and Literature,4
trump donald election,Presidential Election of 2024,4
current ve theater,Presidential Election of 2024,4
brooklyn family big,Content Type: Personal Profile,4
states united charges,Abortion,4
food essential products,Cooking and Cookbooks,4
political house future,Deaths (Obituaries),4
friday continue jurors,"Murders, Attempted Murders and Homicides",4
strong america region,Elections,4
season style actress,audio-neutral-informative,4
good friends months,United States Economy,4
good friends months,Content Type: Personal Profile,4
current ve theater,Global Warming,4
team day manhattan,Cooking and Cookbooks,4
time dishes trip,Cooking and Cookbooks,4
time dishes trip,Global Warming,4
cover scandal business,New York State Criminal Case Against Trump (71543-23),4
student man virginia,Content Type: Personal Profile,4
strong america region,Deaths (Obituaries),4
like travelers catherine,Computers and the Internet,4
work century west,Movies,4
country making power,Deaths (Obituaries),4
plus sailboat patients,internal-sub-only-nl,4
strong america region,Israel-Gaza War (2023- ),4
good friends months,Books and Literature,4
artist line life,Classical Music,4
american premiere conducted,Classical Music,4
social media people,Social Media,4
good friends months,Artificial Intelligence,4
social media people,Movies,4
state home secretary,Abortion,4
political house future,internal-sub-only-nl,4
cover scandal business,Primaries and Caucuses,4
men key mcconnell,Defense and Military Forces,4
strong america region,Culture (Arts),4
vote comes speech,Abortion,4
cover scandal business,Royal Families,4
cover scandal business,Decisions and Verdicts,4
american premiere conducted,United States International Relations,4
russia tolokonnikova nadya,Russian Invasion of Ukraine (2022),4
just weeks maybe,AIRLINES AND AIRPLANES,4
live results maps,internal-paywall-exempt,4
district attorney county,Georgia Criminal Case Against Trump (2020 Election),4
love fall ballet,internal-storyline-no,4
strong america region,Primaries and Caucuses,4
like travelers catherine,Travel and Vacations,4
academic freedom school,Colleges and Universities,4
city southern fast,Culture (Arts),4
state home secretary,Elections,4
district attorney county,Georgia Criminal Case Against Trump (2020 Election),4
student man virginia,Movies,4
artist line life,Art,4
group called 2023,International Relations,4
city southern fast,Dancing,4
love fall ballet,Dancing,4
good friends months,Global Warming,4
said kimmel risk,Defense and Military Forces,4
states united charges,Abortion,4
food essential products,Restaurants,4
vote comes speech,Documentary Films and Programs,4
student man virginia,"Murders, Attempted Murders and Homicides",4
news diagnosis london,Royal Families,4
trump donald election,Presidential Election of 2024,4
court supreme authority,Illegal Immigration,4
long tax code,Law and Legislation,4
latest wide legislation,Fashion and Apparel,4
news diagnosis london,United States International Relations,4
long tax code,AIRLINES AND AIRPLANES,4
country making power,Culture (Arts),4
just weeks maybe,Weddings and Engagements,4
plus sailboat patients,"Murders, Attempted Murders and Homicides",4
live results maps,Elections,4
city southern fast,Illegal Immigration,4
academic freedom school,Books and Literature,4
new york change,Culture (Arts),4
case actor individual,Dancing,4
political house future,Classical Music,4
academic freedom school,internal-sub-only-nl,4
trump donald election,Primaries and Caucuses,4
israel gaza plan,Palestinians,4
music including director,Pop and Rock Music,4
student man virginia,AIRLINES AND AIRPLANES,4
states united charges,Politics and Government,4
russia tolokonnikova nadya,Russian Invasion of Ukraine (2022),4
states united charges,International Relations,4
states united charges,"Demonstrations, Protests and Riots",4
district attorney county,Georgia Criminal Case Against Trump (2020 Election),4
world economy international,Books and Literature,4
live results maps,Primaries and Caucuses,4
plus sailboat patients,Real Estate and Housing (Residential),4
trump donald election,United States International Relations,4
film art gathered,Documentary Films and Programs,4
work century west,Movies,4
new york change,Real Estate and Housing (Residential),4
world economy international,internal-storyline-no,4
political house future,United States Economy,4
current ve theater,Presidential Election of 2024,4
cover scandal business,Georgia Criminal Case Against Trump (2020 Election),4
world economy international,United States Economy,4
world economy international,United States Economy,4
just weeks maybe,Colleges and Universities,4
music including director,Classical Music,4
vote comes speech,Decisions and Verdicts,4
court supreme authority,Decisions and Verdicts,4
love fall ballet,Theater,4
new york change,Illegal Immigration,4
vote comes speech,Primaries and Caucuses,4
brooklyn family big,Restaurants,4
live results maps,Elections,4
brooklyn family big,Restaurants,4
country making power,Restaurants,4
cover scandal business,New York State Criminal Case Against Trump (71543-23),4
live results maps,Culture (Arts),4
artist line life,Content Type: Personal Profile,4
social media people,Social Media,4
american premiere conducted,Books and Literature,4
just weeks maybe,Cooking and Cookbooks,4
good friends months,Weddings and Engagements,4
tests research north,Fashion and Apparel,4
events historical sort,Travel and Vacations,4
time dishes trip,"Demonstrations, Protests and Riots",4
new york change,internal-sub-only-nl,4
good friends months,Weddings and Engagements,4
brooklyn family big,Travel and Vacations,4
academic freedom school,"Demonstrations, Protests and Riots",4
events historical sort,internal-paywall-exempt,4
student man virginia,Fashion and Apparel,4
city southern fast,United States International Relations,4
cover scandal business,Deaths (Obituaries),4
trump donald election,Georgia Criminal Case Against Trump (2020 Election),4
ukrainian russian says,Russian Invasion of Ukraine (2022),4
court supreme authority,Decisions and Verdicts,4
plus sailboat patients,Russian Invasion of Ukraine (2022),4
music including director,Pop and Rock Music,4
work century west,Books and Literature,4
russia tolokonnikova nadya,audio-neutral-informative,4
student man virginia,Colleges and Universities,4
trump donald election,New York State Criminal Case Against Trump (71543-23),4
current ve theater,Travel and Vacations,4
russia tolokonnikova nadya,Defense and Military Forces,4
plus sailboat patients,Art,4
news diagnosis london,Royal Families,4
russia tolokonnikova nadya,Politics and Government,4
team day manhattan,Pop and Rock Music,4
student man virginia,AIRLINES AND AIRPLANES,4
strong america region,Travel and Vacations,4
russia tolokonnikova nadya,Russian Invasion of Ukraine (2022),4
strong america region,Computers and the Internet,4
good friends months,Theater,4
abortion civil ban,Abortion,4
president biden voters,internal-storyline-no,4
state home secretary,International Relations,4
events historical sort,internal-paywall-exempt,4
state home secretary,"Demonstrations, Protests and Riots",4
team day manhattan,New York State Criminal Case Against Trump (71543-23),4
season style actress,Culture (Arts),4
live results maps,internal-paywall-exempt,4
court supreme authority,Television,4
state home secretary,Israel-Gaza War (2023- ),4
time dishes trip,Decisions and Verdicts,4
film art gathered,Dancing,4
new york change,internal-storyline-no,4
latest wide legislation,Theater,4
american premiere conducted,International Relations,4
like travelers catherine,Artificial Intelligence,4
court supreme authority,Law and Legislation,4
love fall ballet,Dancing,4
district attorney county,Pop and Rock Music,4
world economy international,Television,4
cover scandal business,United States Politics and Government,4
food essential products,Cooking and Cookbooks,4
city southern fast,Palestinians,4
long tax code,Israel-Gaza War (2023- ),4
good friends months,Royal Families,4
love fall ballet,Books and Literature,4
russia tolokonnikova nadya,Weddings and Engagements,4
men key mcconnell,Weddings and Engagements,4
academic freedom school,Movies,4
russia tolokonnikova nadya,audio-neutral-informative,4
live results maps,Elections,4
music including director,Pop and Rock Music,4
like travelers catherine,Television,4
plus sailboat patients,Real Estate and Housing (Residential),4
abortion civil ban,"Demonstrations, Protests and Riots",4
long tax code,Weddings and Engagements,4
time dishes trip,Television,4
live results maps,internal-paywall-exempt,4
friday continue jurors,Computers and the Internet,4
student man virginia,Documentary Films and Programs,4
political house future,Presidential Election of 2024,4
israel gaza plan,Palestinians,4
men key mcconnell,Presidential Election of 2024,4
trump donald election,United States Politics and Government,4
ukrainian russian says,Russian Invasion of Ukraine (2022),4
city southern fast,Restaurants,4
long tax code,Content Type: Personal Profile,4
tests research north,Travel and Vacations,4
love fall ballet,Dancing,4
said kimmel risk,Television,4
cover scandal business,International Relations,4
food essential products,International Relations,4
israel gaza plan,Palestinians,4
city southern fast,Culture (Arts),4
russia tolokonnikova nadya,Social Media,4
tests research north,your-feed-science,4
tests research north,Global Warming,4
strong america region,United States Economy,4
music including director,your-feed-science,4
state home secretary,AIRLINES AND AIRPLANES,4
federal texas administration,Illegal Immigration,4
friday continue jurors,Television,4
music including director,Computers and the Internet,4
new york change,Classical Music,4
like travelers catherine,Royal Families,4
academic freedom school,Colleges and Universities,4
ukrainian russian says,Defense and Military Forces,4
artist line life,Dancing,4
state home secretary,Primaries and Caucuses,4
district attorney county,internal-sub-only-nl,4
state home secretary,Abortion,4
trump donald election,Presidential Election of 2024,4
live results maps,Colleges and Universities,4
tests research north,United States International Relations,4
state home secretary,Israel-Gaza War (2023- ),4
world economy international,Artificial Intelligence,4
political house future,Elections,4
student man virginia,your-feed-science,4
plus sailboat patients,Documentary Films and Programs,4
cover scandal business,Global Warming,4
strong america region,Travel and Vacations,4
like travelers catherine,Travel and Vacations,4
plus sailboat patients,audio-neutral-informative,4
american premiere conducted,Russian Invasion of Ukraine (2022),4
week properties manhattan,Real Estate and Housing (Residential),4
friday continue jurors,Television,4
friday continue jurors,Artificial Intelligence,4
academic freedom school,Colleges and Universities,4
men key mcconnell,Law and Legislation,4
israel gaza plan,United States Politics and Government,4
student man virginia,Content Type: Personal Profile,4
men key mcconnell,Russian Invasion of Ukraine (2022),4
love fall ballet,audio-neutral-informative,4
student man virginia,"Murders, Attempted Murders and Homicides",4
court supreme authority,internal-sub-only-nl,4
vote comes speech,Royal Families,4
current ve theater,Israel-Gaza War (2023- ),4
just weeks maybe,Weddings and Engagements,4
just weeks maybe,Social Media,4
state home secretary,Law and Legislation,4
work century west,Real Estate and Housing (Residential),4
political house future,United States International Relations,4
brooklyn family big,Art,4
friday continue jurors,Law and Legislation,4
case actor individual,audio-neutral-informative,4
israel gaza plan,Israel-Gaza War (2023- ),4
abortion civil ban,Abortion,4
artist line life,Pop and Rock Music,4
strong america region,Art,4
men key mcconnell,Elections,4
ukrainian russian says,Politics and Government,4
tests research north,Fashion and Apparel,4
team day manhattan,New York State Criminal Case Against Trump (71543-23),4
new york change,Pop and Rock Music,4
new york change,Classical Music,4
time dishes trip,Movies,4
group called 2023,Real Estate and Housing (Residential),4
student man virginia,Weddings and Engagements,4
live results maps,internal-storyline-no,4
love fall ballet,Theater,4
friday continue jurors,New York State Criminal Case Against Trump (71543-23),4
social media people,your-feed-science,4
current ve theater,Theater,4
vote comes speech,Politics and Government,4
good friends months,"Murders, Attempted Murders and Homicides",4
district attorney county,Georgia Criminal Case Against Trump (2020 Election),4
states united charges,Abortion,4
live results maps,internal-paywall-exempt,4
states united charges,Politics and Government,4
good friends months,Illegal Immigration,4
season style actress,Fashion and Apparel,4
plus sailboat patients,International Relations,4
work century west,Artificial Intelligence,4
new york change,Art,4
tests research north,Colleges and Universities,4
states united charges,Social Media,4
like travelers catherine,Deaths (Obituaries),4
like travelers catherine,Computers and the Internet,4
student man virginia,"Demonstrations, Protests and Riots",4
tests research north,"Murders, Attempted Murders and Homicides",4
case actor individual,Georgia Criminal Case Against Trump (2020 Election),4
like travelers catherine,United States Economy,4
states united charges,United States International Relations,4
student man virginia,Movies,4
time dishes trip,Social Media,4
long tax code,Television,4
city southern fast,Israel-Gaza War (2023- ),4
new york change,internal-storyline-no,4
time dishes trip,Cooking and Cookbooks,4
student man virginia,Royal Families,4
friday continue jurors,Deaths (Obituaries),4
live results maps,internal-paywall-exempt,4
world economy international,your-feed-science,4
israel gaza plan,Defense and Military Forces,4
political house future,Artificial Intelligence,4
cover scandal business,New York State Criminal Case Against Trump (71543-23),4
american premiere conducted,Colleges and Universities,4
love fall ballet,Movies,4
case actor individual,"Murders, Attempted Murders and Homicides",4
just weeks maybe,Israel-Gaza War (2023- ),4
group called 2023,United States Politics and Government,4
court supreme authority,Decisions and Verdicts,4
new york change,your-feed-science,4
strong america region,New York State Criminal Case Against Trump (71543-23),4
country making power,International Relations,4
good friends months,Global Warming,4
israel gaza plan,Palestinians,4
russia tolokonnikova nadya,Defense and Military Forces,4
social media people,Artificial Intelligence,4
brooklyn family big,internal-storyline-no,4
city southern fast,Content Type: Personal Profile,4
american premiere conducted,Classical Music,4
new york change,Computers and the Internet,4
new york change,Fashion and Apparel,4
brooklyn family big,Art,4
american premiere conducted,United States Economy,4
brooklyn family big,Real Estate and Housing (Residential),4
food essential products,Cooking and Cookbooks,4
good friends months,Theater,4
tests research north,Documentary Films and Programs,4
vote comes speech,Law and Legislation,4
men key mcconnell,Social Media,4
district attorney county,Georgia Criminal Case Against Trump (2020 Election),4
states united charges,audio-neutral-informative,4
trump donald election,United States Politics and Government,4
