instance_id,target,category,gold,pred_gpt52,pred_phi4mini,pred_llama,n_models_agreeing_on_error,comment_text,full_conversation_context,depth,stance_read,notes
167,Biden,biden_against_none,AGAINST,NONE,NONE,NONE,3,"It's already written, it'll be filled in the morning.There's guaranteed to also be someone already selected to be the plaintiff in the lawsuit that says this violated their civil rights or something. Be on the lookout for that.",,,,
217,Biden,biden_against_none,AGAINST,NONE,NONE,NONE,3,"Rest of the world here. We don't hate AOC. Actually, we don't even know who she is.",,,,
218,Biden,biden_against_none,AGAINST,NONE,NONE,NONE,3,The age of 65 that was established back in the 1930s was more about payroll taxation and back then it was determined that using age 65 produced a manageable system that could easily be made self-sustaining with only modest levels of payroll taxation. Again that was 90 yrs ago. Social security and old age pensions didnt consider the US population tripling and pensions remaining sustainable to match that population growth. A lot of people 65+ in white collar jobs are still more than capable to keep their jobs. Politicians for some reason though seem to linger even though some look like crypt-keeper.,,,,
223,Biden,biden_against_none,AGAINST,NONE,NONE,NONE,3,But Lincoln was a Republican! Scream those that have not noticed how the political parties have shifted over the years. David Packman just opined that the current Democratic party would be happy to work with the Republican party of fifteen years ago. Even though the Republicans of fifteen years ago laid the ground work for the GQP party of today.,,,,
224,Biden,biden_against_none,AGAINST,NONE,NONE,NONE,3,Quick note that the life expectancy for males in the USA is 75.1 years,,,,
234,Biden,biden_against_none,AGAINST,NONE,NONE,NONE,3,"Well, they were pretty big supporters of their wigs (sorry couldn't not throw that in there)",,,,
243,Biden,biden_against_none,AGAINST,NONE,NONE,NONE,3,Both options suck but not equally,,,,
244,Biden,biden_against_none,AGAINST,NONE,NONE,NONE,3,The time approaches,,,,
246,Biden,biden_against_none,AGAINST,NONE,NONE,NONE,3,Engage in non-electoral politics.  The only thing that has ever changed anything for the better.,,,,
252,Biden,biden_against_none,AGAINST,NONE,NONE,NONE,3,"Omg this is a fantastic Friday surprise, thank you!",,,,
254,Biden,biden_against_none,AGAINST,NONE,NONE,NONE,3,Goddamn that was funny lmao,,,,
271,Biden,biden_against_none,AGAINST,NONE,NONE,NONE,3,I feel like they could get behind the ball-licking platform.,,,,
273,Biden,biden_against_none,AGAINST,NONE,NONE,NONE,3,I’m wondering if Deez Nuts is gonna run again? I’d at least want to hear em out this time.,,,,
276,Biden,biden_against_none,AGAINST,NONE,NONE,NONE,3,that wonderfully 30-40% that keeps coming back and determining everything.,,,,
290,Biden,biden_against_none,AGAINST,NONE,NONE,NONE,3,It’s almost hilarious that originalists are reading “state legislature” using the modern definition.,,,,
306,Biden,biden_against_none,AGAINST,NONE,NONE,NONE,3,"Those classmates that scorned college or had mama and papa pay their way through, I’d bet.",,,,
321,Biden,biden_against_none,AGAINST,NONE,NONE,NONE,3,Ohio State? The price of my rent at my now former place several blocks south of campus went from $600/month to $2000/month over the span of fifteen years.,,,,
327,Biden,biden_against_none,AGAINST,NONE,NONE,NONE,3,"But they DO have the main prerequisite, of course.  They bring the money.",,,,
329,Biden,biden_against_none,AGAINST,NONE,NONE,NONE,3,"Don't a lot of those cafeterias get their food from the same places the prisons do, Aramak? SMH",,,,
333,Biden,biden_against_none,AGAINST,NONE,NONE,NONE,3,acab baby,,,,
355,Biden,biden_against_none,AGAINST,NONE,NONE,NONE,3,"As someone who is both a PharmD and a professor, I can concur. My debt load is huge ($250K) and my salary is laughable. Admins all got a sweet pay raise this year though.",,,,
387,Biden,biden_against_none,AGAINST,NONE,NONE,NONE,3,Colleges will be their own demise. So many people can self teach now with the internet. My dorm mate did political science in college. Was no use to them. They then taught themselves computer programming and is now an upper level manager for Ebay.,,,,
394,Biden,biden_against_none,AGAINST,NONE,NONE,NONE,3,"Wow, I also just took a look and the Schreyer Honors College scholarship, $5,000/year, I got all four years *has not been adjusted for inflation*.My actual, full cost of attendance in 2010-14  — including room and board; tuition was $13,604 — was $20k/year, so Schreyer used to take care of a full quarter of that.…what’s the point now if you don’t want to do an undergraduate thesis?! I know it’s still a lot of money, but honestly?!",,,,
235,Biden,biden_against_none,AGAINST,NONE,FAVOR,NONE,2,Worked great for Kang and Kodos!,,,,
288,Biden,biden_against_none,AGAINST,NONE,AGAINST,NONE,2,The only good excuse for the Electoral College's existence was rejecting an incapable fraudulent populist.Was.,,,,
39,Biden,biden_against_none,AGAINST,NONE,AGAINST,NONE,2,"They literally want indentured serfs back, just you debt now belongs to a massive amount of lords you don't even know the name of. This was on purpose so that the new lords could get away with more without fear of uprising. This is the legacy of the French Revolution, back to square one, just slightly more complicated.",,,,
328,Biden,biden_against_none,AGAINST,NONE,AGAINST,NONE,2,"This in particular annoyed the shit out of me. At the college I went to right now a meal plan is $2,200 minimum and the room and board is $5k. This is for basically 4 months, late August to mid December. That's $550 a month for food, $1250 on room and board. This is in the Midwest, where you can get nice apartments for like $800 and I struggle to spend $300 on food every month. So even factoring in utilities and such you're paying bank for NOTHING. You're basically paying like you're a working professional making relatively high wages to live in a box with another person with shared bathrooms and meals that taste like ass and probably cost them pennies to make. The whole thing is a scam and having worked at colleges before the admin sees nothing wrong with it. In fact, they keep hiring random admin people for random pet projects that have nothing to do with the school's mission.",,,,
247,Biden,biden_against_none,AGAINST,NONE,FAVOR,NONE,2,"A sword I’m proud to fall on, again.",,,,
241,Biden,biden_against_none,AGAINST,AGAINST,NONE,NONE,2,Your choices are Christian fascist old white guy vs. neoliberal old white guy.,,,,
258,Biden,biden_against_none,AGAINST,NONE,AGAINST,NONE,2,"I actually switched my affiliation from the green party (since 1995, sigh) to democrats last year so I can actually try to be more impactful in the primaries (2020 in my district primaries the ""progressive"" candidate lost by less than 1000 votes, there are more than 1000 green party folks in my district . . . but no, we get to keep the neo lib who's held the seat for 20 years).We have to get the progressives on the actual ballot, or hell, even fighting moderates, the main thing I'm sick of is how passive the Dems are, like start naming names, impeaching and expelling literally anyone of the crooked fucks that you can get.",,,,
9,Biden,biden_favor_none,FAVOR,NONE,NONE,NONE,3,"Peace and love in the 60s and 70s was a protest against the Vietnam war and Jim Crow, not the mainstream belief of how things should be.Reagan did fuck is, though. No argument there.",,,,
26,Biden,biden_favor_none,FAVOR,NONE,NONE,NONE,3,It was also manipulated with the October Surprise they pulled on President Carter.,,,,
153,Biden,biden_favor_none,FAVOR,NONE,NONE,NONE,3,"No entirely relevant, but I don't have a lot of places to mention it. [SIX is a great musical] about the wives of Henry VIII and would encourage anyone with the opportunity to watch a touring cast if it's coming near them.Sounded better live than the recordings, honestly, but it was fun.Anyway, as you were.",,,,
193,Biden,biden_favor_none,FAVOR,NONE,NONE,NONE,3,"If Obergefell falls then states can prevent gay marriages in their own state but not others, and according to this new law they must acknowledge gay marriages in other states as valid.",,,,
72,Biden,biden_favor_none,FAVOR,NONE,NONE,NONE,3,Sunday?!?! The LORDS DAY?! Not a chance,,,,
237,Biden,biden_favor_none,FAVOR,NONE,NONE,NONE,3,Agreed. What are our choices.,,,,
140,Biden,biden_favor_none,FAVOR,NONE,NONE,NONE,3,Not should they reprimand people for leaving a state to get married. My god.,,,,
198,Biden,biden_favor_none,FAVOR,NONE,NONE,NONE,3,But if the decision is overturned it will be on the basis of federal overstep and that will mean that statutory law is also invalid.  Why is everything so stupid now?  I hate the 21st century.,,,,
57,Biden,biden_favor_none,FAVOR,NONE,NONE,NONE,3,"The only fear that sounds real is it adding to inflation, but I can't imagine this won't end whatever psuedo-recession we've been in lately. So stag-flation is the only fear?Idk, I just keep seeing/hearing temper tantrums of pundits and politicians who are all millionaires. Fuck them.",,,,
370,Biden,biden_favor_none,FAVOR,NONE,NONE,NONE,3,That’s why I think term limits are silly. In no other job would you force somebody to leave because they got good at it. I like competence.,,,,
196,Biden,biden_favor_none,FAVOR,NONE,NONE,NONE,3,"If it's overturned, then that would mean the decision to license would be upon the state. This bill makes it so that you could get married in one state and all other states have to honor it. That's my understanding at least.",,,,
200,Biden,biden_favor_none,FAVOR,NONE,NONE,NONE,3,And marriages that happen in states where it’s legal. Which means that destination weddings can make it happen.,,,,
135,Biden,biden_favor_none,FAVOR,NONE,NONE,NONE,3,I thought same sex marriage was legal everywhere in the US.,,,,
24,Biden,biden_favor_none,FAVOR,NONE,NONE,NONE,3,"Everything that could go wrong for Carter did. The botched Iran hostage rescue, a bruising primary against Ted Kennedy (ever since, the parties have learned never to challenge a sitting president for re-election), and guess what? Inflation was all over the news, reminding us of the upcoming election…",,,,
208,Biden,biden_favor_none,FAVOR,NONE,NONE,NONE,3,"Strictly speaking, the RMA officially endorses the idea that nonprofit religious groups cannot be forced to participate in same-sex weddings, with either goods or services. That's probably already a First Amendment right, but it adds Federal law to the mix independently.The contentious issue has always been public, for-profit businesses refusing services. It says nothing about that.",,,,
90,Biden,biden_favor_none,FAVOR,NONE,NONE,NONE,3,“A society grows great when old men plant trees in whose shade they shall never sit.”,,,,
43,Biden,biden_favor_none,FAVOR,NONE,NONE,NONE,3,"The joke is on them, I won't be making them any more serfs.  They get real mad about that one.  ;)",,,,
35,Biden,biden_favor_none,FAVOR,NONE,NONE,NONE,3,longer than that,,,,
172,Biden,biden_favor_none,FAVOR,NONE,NONE,NONE,3,Absurd...pretty sure one is pending in Mississippi.,,,,
25,Biden,biden_favor_none,FAVOR,NONE,NONE,NONE,3,Vietnam is when everything changed.  Both parties.,,,,
190,Biden,biden_favor_none,FAVOR,NONE,NONE,NONE,3,"If SC overturns Obergefell, states can stop their own same-sex marriages, so same-sex couples in those states wanting to be married would have to do it in another state (at which point it would be recognized by all states).",,,,
96,Biden,biden_favor_none,FAVOR,NONE,NONE,NONE,3,"Republicans are literally Fry when Nixon runs for re-electionNixon - I promise to cut taxes for the rich, and use the poor as a cheap source of teeth for aquarium gravel!Fry -  Yeah! That'll show those poor!Leela - Why are you cheering Fry, you aren't richFry - True, but someday I might be rich, and then people like me better watch their step[Bad video source]",,,,
144,Biden,biden_favor_none,FAVOR,NONE,NONE,NONE,3,All your ex-wives agree with you?? How come you got divorced you seem so compatible...,,,,
388,Biden,biden_favor_none,FAVOR,NONE,NONE,NONE,3,"At like a state school? It cost $125,000-$160,000 more than ten years ago for some top private universities",,,,
124,Biden,biden_favor_none,FAVOR,NONE,NONE,NONE,3,"There's a lot of different interpretations of ""the American values of pursuit of happiness"" depending on where in the US you are.I completely get your point, and I completely agree. But if the population of a state or nation disagrees your logic won't convince them.",,,,
317,Biden,biden_favor_none,FAVOR,NONE,NONE,NONE,3,"Not sure how Denton was but San Marcos seemed pretty reasonable.  My last semester though I wasnt going full time so I met the criteria for ""government subsidized"" apartments which were pretty nice.  I think my rent topped out at $675 and it was the biggest/nicest place I had ever stayed at.  Now I live in an old ass house smaller than that apartment in southern CO with no AC (ive measured 93 inside the house during summer) for $900/mo.  I have the added benefit of homeless/transients starting fires across the street as well which is pretty cool (not).",,,,
82,Biden,biden_favor_none,FAVOR,NONE,NONE,NONE,3,I'm doing my Masters Degree at UCB. It's coming out to $20k a semester. I earn 90k a year and I'm going back to eating ramen noodles to pay for it.,,,,
129,Biden,biden_favor_none,FAVOR,NONE,NONE,NONE,3,"Except in this case, all states must follow the law just signed.Because, of course, the equal protection clause exists. Whether the supreme court chooses to ignore it or not.",,,,
47,Biden,biden_favor_none,FAVOR,NONE,NONE,NONE,3,Discretionary. It also raises the cap of what is considered nondiscretionary income. It is much more comprehensive than I thought tbh,,,,
133,Biden,biden_favor_none,FAVOR,NONE,NONE,NONE,3,"I was about to say that this was just a “feel good” law, but I didn’t realize 13 states still ban same-sex marriage. That’s insane.",,,,
1273,Tesla,tesla_any_error,AGAINST,NONE,NONE,NONE,3,Lol that's hilarious,,,,
1312,Tesla,tesla_any_error,NONE,AGAINST,AGAINST,AGAINST,3,"Probably or probably not, I remember some auto journalist saying that the model 3 had ""the build quality of a 90s kia""",,,,
1620,Tesla,tesla_any_error,FAVOR,NONE,AGAINST,NONE,3,"That's not true. I have received at least two recall notices from Audi (pre-pandemic) that have stated that there is an issue with my vehicle, and that it is safe to continue to drive it, but that I will be notified when they are ready to rectify it.",,,,
1514,Tesla,tesla_any_error,FAVOR,AGAINST,AGAINST,NONE,3,"Subaru uses cameras as well, but its autonomous options are more limited than Tesla despite the fact that they've been doing it longer. Hell they had adaptive cruise control with a camera system in 1999. They aren't talking up a big talk about going full autonomous and I think it's partly because they fully recognize the limitations of a camera only system. Hell the Eyesight manual that came with my wife's Crosstrek is 90% warnings about the ways in which the thing is likely to experience problems.",,,,
1371,Tesla,tesla_any_error,AGAINST,NONE,NONE,NONE,3,My 2021 Kia Soul has buttons for every major function.,,,,
1707,Tesla,tesla_any_error,AGAINST,NONE,NONE,NONE,3,Are you still having problems with wipers? I thought that was fixed? But I will agree that “auto brights” is garbage feature.,,,,
1534,Tesla,tesla_any_error,AGAINST,NONE,NONE,NONE,3,But does that include repair of paint damage caused by the duct tape?,,,,
1669,Tesla,tesla_any_error,NONE,AGAINST,AGAINST,AGAINST,3,"Yea of course. This is the suer tricking or hacking the software. But my point is that tesla itself designs the software in imoral ways as well. It's not just the end users who do dumb shit with autopilot. (also the fact that it's a 10k dollar payed DLC for your car, long before the BMW heated seats scandal)",,,,
1370,Tesla,tesla_any_error,FAVOR,NONE,NONE,NONE,3,"I think it is Mazda you are thinking about. I agree with you, there needs to be physical buttons and the screen should be as forward and high as possible so you don't take your eyes of the road as much. If the function is commonly used while driving it shouldn't be a touch only one.",,,,
1608,Tesla,tesla_any_error,AGAINST,NONE,NONE,NONE,3,That is some shit right there.,,,,
1530,Tesla,tesla_any_error,FAVOR,NONE,NONE,NONE,3,Votes from unpaid subscribers do not count.,,,,
1741,Tesla,tesla_any_error,FAVOR,NONE,NONE,NONE,3,"Is there no prevention on US Teslas to wiggle the steering wheel or anything.If I don’t touch my steering wheel for 15 seconds the screen flashes blue on the top, after that I’ll get a warning sound and if I ignore that the car will slow down and finally come to a complete stop.Nothing like that in the US?",,,,
1394,Tesla,tesla_any_error,NONE,AGAINST,FAVOR,FAVOR,3,"The hyperloop was never meant to be real, just a tool to control anti-transit legislation in California to sell more teslas.",,,,
1292,Tesla,tesla_any_error,AGAINST,NONE,FAVOR,NONE,3,He has been selling a shit ton of Tesla recently… I mean A TON.,,,,
1697,Tesla,tesla_any_error,FAVOR,NONE,NONE,NONE,3,There was a time when people taped orange peels to the steering wheel since it emulated touch. I think Tesla patched it up a while back. I wonder if people found a different method.,,,,
1406,Tesla,tesla_any_error,AGAINST,NONE,NONE,NONE,3,Nah they got this concept from an employee applicants trial project.,,,,
1326,Tesla,tesla_any_error,AGAINST,NONE,NONE,NONE,3,"Good on you for changing your mind on him though, a lot of people seemingly can't or won't do that.",,,,
1316,Tesla,tesla_any_error,NONE,AGAINST,AGAINST,AGAINST,3,There are body shops that specialize in de-sucking tesla's build quality,,,,
1609,Tesla,tesla_any_error,FAVOR,NONE,AGAINST,NONE,3,"If you don't own the software, you don't really own the device.",,,,
1309,Tesla,tesla_any_error,NONE,FAVOR,FAVOR,FAVOR,3,"I am blessed to have the 580, with the huge screen across the dash. I get what you are saying, but it’s BY FAR the nicest car I have ever had or been in. Surpassed my expectations on every front",,,,
1834,Trump,trump_favor_against,FAVOR,AGAINST,AGAINST,AGAINST,3,"It's sad that they still think Trump is going to come in swinging for them. Trump has never engaged with their kind, except to rally votes. He could not care less about the little people.",,,,
1997,Trump,trump_favor_against,FAVOR,AGAINST,AGAINST,AGAINST,3,It almost does matter if any of them are being paid by Russia any more. Trump successfully convinced the Republicans to become a pro-russia anti-NATO party. Putin achieved his goal and that position will linger in the GOP for some time.,,,,
1987,Trump,trump_favor_against,FAVOR,AGAINST,AGAINST,NONE,2,"No she wants to turn your kid educated, housed, nourished and healthy. A bridge too far for many Americans.Maybe you can tell your GOP friends you heard AOC wants to turn kids straight now, because that's how it works.",,,,
2055,Trump,trump_favor_against,FAVOR,AGAINST,AGAINST,FAVOR,2,"This is fun it's like We Didn't Start The Fire. I'll do the next verse:Drain the swamp, stop the spread, rising crime, border wall, leave the WHO, election fraud, JEWISH SPACE LASERS!make it great, exaggerate, use all your superlatives, bigly huge, lying news, THE DEEP STATE'S AFTER MEWe didn't start the riot,it was BLM and those damn Antifa.We didn't start the riot,The election's stolen, but only when we lose",,,,
1830,Trump,trump_favor_against,FAVOR,NONE,AGAINST,NONE,1,"I was going to make a joke about how they're still obsessing over the dumb Hunter Biden laptop conspiracy, but I checked their thread and the top comment literally says the more important issue is, and I'm quoting here, ""the Hunter impeachment""",,,,
1998,Trump,trump_favor_against,FAVOR,AGAINST,FAVOR,FAVOR,1,Yeah Trump coming out as anti-NATO was amazing. I’m no military fan but even I can see that the geopolitical situation is such that an alliance of nations is not a harmful thing.,,,,
2006,Trump,trump_favor_against,FAVOR,NONE,AGAINST,NONE,1,"No! You know what’s important!?! HUNTER BIDENS LAPTOP get out of here with your direct point A to point B of Russian involvement in our elections!HUNTER BIDEN!(Maybe not that midterms are over it’s time to take a break, it’s all too much)Edit: typos",,,,
2049,Trump,trump_favor_against,FAVOR,FAVOR,AGAINST,NONE,1,"Nonsense, no quid, no quo. Witch Hunt, fake news, Hillary did it, Obama's birth certificate, Bidons a senile Mastermind!? Hunters laptop, sweep the forest, sharpie gate, bleach/s",,,,
2061,Trump,trump_favor_against,FAVOR,AGAINST,FAVOR,FAVOR,1,"It’s not collusion. There is no collusion here. Here, there is no collusion.There I said it 3 times so now it’s true. Please take your facts and go away.",,,,
