run,metric_name,score,num_topics
0,V_measure,0.45795820112487345,50
0,completeness,0.5532296723312046,50
0,homogeneity,0.3906794430117103,50
0,adjusted_mutual_info,0.31774559230634575,50
1,V_measure,0.45134012681568375,50
1,completeness,0.549585101306022,50
1,homogeneity,0.3828933212379024,50
1,adjusted_mutual_info,0.3140300988477003,50
2,V_measure,0.4648748570770934,50
2,completeness,0.5622140661707297,50
2,homogeneity,0.39626697866535493,50
2,adjusted_mutual_info,0.3278855236284771,50
3,V_measure,0.4488591687827197,50
3,completeness,0.54384751016444,50
3,homogeneity,0.3821184123686013,50
3,adjusted_mutual_info,0.3081715744716458,50
4,V_measure,0.45524640277556855,50
4,completeness,0.552106927289989,50
4,homogeneity,0.38729938134399994,50
4,adjusted_mutual_info,0.31635880070406913,50
