run,metric_name,score,num_topics
0,V_measure,0.62576267470462,50
0,completeness,0.6552098962640526,50
0,homogeneity,0.598848513373428,50
0,adjusted_mutual_info,0.3328023388727619,50
1,V_measure,0.62576267470462,50
1,completeness,0.6552098962640526,50
1,homogeneity,0.598848513373428,50
1,adjusted_mutual_info,0.3328023388727619,50
2,V_measure,0.62576267470462,50
2,completeness,0.6552098962640526,50
2,homogeneity,0.598848513373428,50
2,adjusted_mutual_info,0.3328023388727619,50
3,V_measure,0.62576267470462,50
3,completeness,0.6552098962640526,50
3,homogeneity,0.598848513373428,50
3,adjusted_mutual_info,0.3328023388727619,50
4,V_measure,0.62576267470462,50
4,completeness,0.6552098962640526,50
4,homogeneity,0.598848513373428,50
4,adjusted_mutual_info,0.3328023388727619,50
