run,metric_name,score,num_topics
0,V_measure,0.49538203083982685,50
0,completeness,0.6529359227651138,50
0,homogeneity,0.39908302061909834,50
0,adjusted_mutual_info,0.2704165302602673,50
1,V_measure,0.5336368615360777,50
1,completeness,0.642945562743302,50
1,homogeneity,0.4560950581244532,50
1,adjusted_mutual_info,0.2912948231857579,50
2,V_measure,0.5369139629346472,50
2,completeness,0.6453908552175491,50
2,homogeneity,0.45965537438836784,50
2,adjusted_mutual_info,0.2958373988207922,50
3,V_measure,0.5349534429991457,50
3,completeness,0.6436055856359807,50
3,homogeneity,0.45768758635416124,50
3,adjusted_mutual_info,0.29378072437551417,50
4,V_measure,0.5343806897943766,50
4,completeness,0.641994594472103,50
4,homogeneity,0.45766492059169117,50
4,adjusted_mutual_info,0.2914019221247055,50
