topic_name,ground_truth,run
fashion,Fashion and Apparel,0
government and politics,Decisions and Verdicts,0
technology and security,internal-sub-only-nl,0
music and film,Deaths (Obituaries),0
government and politics,"Demonstrations, Protests and Riots",0
government and politics,AIRLINES AND AIRPLANES,0
crime and justice,Decisions and Verdicts,0
government and politics,Palestinians,0
government and politics,Illegal Immigration,0
music and film,Documentary Films and Programs,0
government and politics,Palestinians,0
us history,Art,0
war and conflict,Defense and Military Forces,0
crime and justice,AIRLINES AND AIRPLANES,0
history,internal-paywall-exempt,0
government and politics,Politics and Government,0
war and conflict,Palestinians,0
health,your-feed-science,0
government and politics,"Demonstrations, Protests and Riots",0
business,Restaurants,0
music and film,Pop and Rock Music,0
animals,your-feed-science,0
government and politics,Politics and Government,0
music and film,Content Type: Personal Profile,0
environment,Real Estate and Housing (Residential),0
technology,Computers and the Internet,0
music and film,Culture (Arts),0
government and politics,Primaries and Caucuses,0
technology and security,Social Media,0
government and politics,Politics and Government,0
government and politics,Presidential Election of 2024,0
fashion,Fashion and Apparel,0
music and film,Classical Music,0
environment,Cooking and Cookbooks,0
history,Deaths (Obituaries),0
government and politics,Royal Families,0
government and politics,Documentary Films and Programs,0
disaster,Global Warming,0
government and politics,internal-storyline-no,0
government and politics,Elections,0
government and politics,United States Politics and Government,0
government and politics,Law and Legislation,0
government and politics,Law and Legislation,0
environment,Restaurants,0
music and film,Art,0
government and politics,Restaurants,0
government and politics,audio-neutral-informative,0
government and politics,Defense and Military Forces,0
government and politics,Artificial Intelligence,0
fashion,Computers and the Internet,0
crime and justice,"Murders, Attempted Murders and Homicides",0
government and politics,Books and Literature,0
business,AIRLINES AND AIRPLANES,0
government and politics,United States Politics and Government,0
government and politics,United States Politics and Government,0
government and politics,United States International Relations,0
environment,Global Warming,0
health,internal-sub-only-nl,0
arts,Dancing,0
government and politics,Primaries and Caucuses,0
arts,Theater,0
government and politics,Illegal Immigration,0
music and film,Documentary Films and Programs,0
business,United States Economy,0
government and politics,Theater,0
government and politics,Illegal Immigration,0
music and film,Books and Literature,0
government and politics,Presidential Election of 2024,0
government and politics,Presidential Election of 2024,0
music and film,Content Type: Personal Profile,0
government and politics,Abortion,0
us history,Cooking and Cookbooks,0
government and politics,Deaths (Obituaries),0
crime and justice,"Murders, Attempted Murders and Homicides",0
government and politics,Elections,0
fashion,audio-neutral-informative,0
education,United States Economy,0
fashion,Content Type: Personal Profile,0
environment,Global Warming,0
relationships and dating,Cooking and Cookbooks,0
environment,Cooking and Cookbooks,0
environment,Global Warming,0
crime and justice,New York State Criminal Case Against Trump (71543-23),0
music and film,Content Type: Personal Profile,0
crime and justice,Deaths (Obituaries),0
government and politics,Computers and the Internet,0
real estate and housing,Movies,0
poetry,Deaths (Obituaries),0
government and politics,internal-sub-only-nl,0
government and politics,Israel-Gaza War (2023- ),0
music and film,Books and Literature,0
music and film,Classical Music,0
music and film,Classical Music,0
social media,Social Media,0
technology and security,Artificial Intelligence,0
music and film,Movies,0
government and politics,Abortion,0
government and politics,internal-sub-only-nl,0
government and politics,Primaries and Caucuses,0
war and conflict,Defense and Military Forces,0
music and film,Culture (Arts),0
government and politics,Abortion,0
royal family,Royal Families,0
crime and justice,Decisions and Verdicts,0
war and conflict,United States International Relations,0
government and politics,Russian Invasion of Ukraine (2022),0
government and politics,AIRLINES AND AIRPLANES,0
government and politics,internal-paywall-exempt,0
government and politics,Georgia Criminal Case Against Trump (2020 Election),0
sports and entertainment,internal-storyline-no,0
government and politics,Primaries and Caucuses,0
travel and tourism,Travel and Vacations,0
government and politics,Colleges and Universities,0
sports and entertainment,Culture (Arts),0
government and politics,Elections,0
government and politics,Georgia Criminal Case Against Trump (2020 Election),0
animals,Movies,0
arts,Art,0
government and politics,International Relations,0
arts,Dancing,0
arts,Dancing,0
environment,Global Warming,0
military,Defense and Military Forces,0
government and politics,Abortion,0
business,Restaurants,0
music and film,Documentary Films and Programs,0
crime and justice,"Murders, Attempted Murders and Homicides",0
government and politics,Royal Families,0
government and politics,Presidential Election of 2024,0
government and politics,Illegal Immigration,0
government and politics,Law and Legislation,0
fashion,Fashion and Apparel,0
government and politics,United States International Relations,0
travel and tourism,AIRLINES AND AIRPLANES,0
music and film,Culture (Arts),0
relationships and dating,Weddings and Engagements,0
crime and justice,"Murders, Attempted Murders and Homicides",0
government and politics,Elections,0
government and politics,Illegal Immigration,0
social issues,Books and Literature,0
music and film,Culture (Arts),0
music and film,Dancing,0
music and film,Classical Music,0
education,internal-sub-only-nl,0
government and politics,Primaries and Caucuses,0
war and conflict,Palestinians,0
music and film,Pop and Rock Music,0
crime and justice,AIRLINES AND AIRPLANES,0
education,Politics and Government,0
war and conflict,Russian Invasion of Ukraine (2022),0
government and politics,International Relations,0
government and politics,"Demonstrations, Protests and Riots",0
government and politics,Georgia Criminal Case Against Trump (2020 Election),0
music and film,Books and Literature,0
government and politics,Primaries and Caucuses,0
real estate and housing,Real Estate and Housing (Residential),0
government and politics,United States International Relations,0
music and film,Documentary Films and Programs,0
music and film,Movies,0
government and politics,Real Estate and Housing (Residential),0
economy,internal-storyline-no,0
economy,United States Economy,0
government and politics,Presidential Election of 2024,0
government and politics,Georgia Criminal Case Against Trump (2020 Election),0
government and politics,United States Economy,0
economy,United States Economy,0
government and politics,Colleges and Universities,0
music and film,Classical Music,0
government and politics,Decisions and Verdicts,0
government and politics,Decisions and Verdicts,0
relationships and dating,Theater,0
government and politics,Illegal Immigration,0
government and politics,Primaries and Caucuses,0
business,Restaurants,0
government and politics,Elections,0
government and politics,Restaurants,0
environment,Restaurants,0
government and politics,New York State Criminal Case Against Trump (71543-23),0
music and film,Culture (Arts),0
music and film,Content Type: Personal Profile,0
fashion,Social Media,0
music and film,Books and Literature,0
health,Cooking and Cookbooks,0
relationships and dating,Weddings and Engagements,0
fashion,Fashion and Apparel,0
sports,Travel and Vacations,0
government and politics,"Demonstrations, Protests and Riots",0
law and courts,internal-sub-only-nl,0
relationships and dating,Weddings and Engagements,0
sports,Travel and Vacations,0
government and politics,"Demonstrations, Protests and Riots",0
history,internal-paywall-exempt,0
fashion,Fashion and Apparel,0
government and politics,United States International Relations,0
sports,Deaths (Obituaries),0
government and politics,Georgia Criminal Case Against Trump (2020 Election),0
government and politics,Russian Invasion of Ukraine (2022),0
government and politics,Decisions and Verdicts,0
health,Russian Invasion of Ukraine (2022),0
music and film,Pop and Rock Music,0
health,Books and Literature,0
crime and justice,audio-neutral-informative,0
sports,Colleges and Universities,0
government and politics,New York State Criminal Case Against Trump (71543-23),0
travel and tourism,Travel and Vacations,0
war and conflict,Defense and Military Forces,0
fashion,Art,0
government and politics,Royal Families,0
government and politics,Politics and Government,0
music and film,Pop and Rock Music,0
government and politics,AIRLINES AND AIRPLANES,0
travel and tourism,Travel and Vacations,0
government and politics,Russian Invasion of Ukraine (2022),0
government and politics,Computers and the Internet,0
sports and entertainment,Theater,0
government and politics,Abortion,0
government and politics,internal-storyline-no,0
government and politics,International Relations,0
history,internal-paywall-exempt,0
government and politics,"Demonstrations, Protests and Riots",0
crime and justice,New York State Criminal Case Against Trump (71543-23),0
music and film,Culture (Arts),0
government and politics,internal-paywall-exempt,0
government and politics,Television,0
government and politics,Israel-Gaza War (2023- ),0
crime and justice,Decisions and Verdicts,0
music and film,Dancing,0
government and politics,internal-storyline-no,0
music and film,Theater,0
government and politics,International Relations,0
technology and security,Artificial Intelligence,0
government and politics,Law and Legislation,0
arts,Dancing,0
music and film,Pop and Rock Music,0
music and film,Television,0
government and politics,United States Politics and Government,0
health,Cooking and Cookbooks,0
war and conflict,Palestinians,0
government and politics,Israel-Gaza War (2023- ),0
cancer and health,Royal Families,0
government and politics,Books and Literature,0
music and film,Weddings and Engagements,0
fashion,Weddings and Engagements,0
music and film,Movies,0
government and politics,audio-neutral-informative,0
government and politics,Elections,0
music and film,Pop and Rock Music,0
music and film,Television,0
relationships and dating,Real Estate and Housing (Residential),0
government and politics,"Demonstrations, Protests and Riots",0
government and politics,Weddings and Engagements,0
government and politics,Television,0
government and politics,internal-paywall-exempt,0
government and politics,Computers and the Internet,0
fashion,Documentary Films and Programs,0
government and politics,Presidential Election of 2024,0
government and politics,Palestinians,0
government and politics,Presidential Election of 2024,0
government and politics,United States Politics and Government,0
war and conflict,Russian Invasion of Ukraine (2022),0
travel and tourism,Restaurants,0
reality tv,Content Type: Personal Profile,0
travel and tourism,Travel and Vacations,0
arts,Dancing,0
sports,Television,0
government and politics,International Relations,0
economy,International Relations,0
war and conflict,Palestinians,0
arts,Culture (Arts),0
government and politics,Social Media,0
environment,your-feed-science,0
environment,Global Warming,0
government and politics,United States Economy,0
animals,your-feed-science,0
business,AIRLINES AND AIRPLANES,0
government and politics,Illegal Immigration,0
music and film,Television,0
technology and security,Computers and the Internet,0
music and film,Classical Music,0
royal family,Royal Families,0
government and politics,Colleges and Universities,0
war and conflict,Defense and Military Forces,0
arts,Dancing,0
government and politics,Primaries and Caucuses,0
government and politics,internal-sub-only-nl,0
government and politics,Abortion,0
government and politics,Presidential Election of 2024,0
environment and climate,Colleges and Universities,0
government and politics,United States International Relations,0
government and politics,Israel-Gaza War (2023- ),0
a.i.,Artificial Intelligence,0
government and politics,Elections,0
health,your-feed-science,0
music and film,Documentary Films and Programs,0
animals,Global Warming,0
sports,Travel and Vacations,0
travel and tourism,Travel and Vacations,0
music and film,audio-neutral-informative,0
war and conflict,Russian Invasion of Ukraine (2022),0
government and politics,Real Estate and Housing (Residential),0
music and film,Television,0
business,Artificial Intelligence,0
government and politics,Colleges and Universities,0
government and politics,Law and Legislation,0
government and politics,United States Politics and Government,0
health,Content Type: Personal Profile,0
government and politics,Russian Invasion of Ukraine (2022),0
music and film,audio-neutral-informative,0
crime and justice,"Murders, Attempted Murders and Homicides",0
law and courts,internal-sub-only-nl,0
health,Royal Families,0
government and politics,Israel-Gaza War (2023- ),0
disaster,Weddings and Engagements,0
disaster,Social Media,0
government and politics,Law and Legislation,0
economy,Real Estate and Housing (Residential),0
government and politics,United States International Relations,0
arts,Art,0
government and politics,Law and Legislation,0
relationships and dating,audio-neutral-informative,0
government and politics,Israel-Gaza War (2023- ),0
government and politics,Abortion,0
music and film,Pop and Rock Music,0
diplomacy,Art,0
government and politics,Elections,0
government and politics,Politics and Government,0
music and film,Fashion and Apparel,0
government and politics,New York State Criminal Case Against Trump (71543-23),0
music and film,Pop and Rock Music,0
music and film,Classical Music,0
music and film,Movies,0
social issues,Real Estate and Housing (Residential),0
health,Weddings and Engagements,0
government and politics,internal-storyline-no,0
music and film,Theater,0
crime and justice,New York State Criminal Case Against Trump (71543-23),0
animals,your-feed-science,0
government and politics,Theater,0
government and politics,Politics and Government,0
crime and justice,"Murders, Attempted Murders and Homicides",0
crime and justice,Georgia Criminal Case Against Trump (2020 Election),0
government and politics,Abortion,0
government and politics,internal-paywall-exempt,0
government and politics,Politics and Government,0
immigration,Illegal Immigration,0
fashion,Fashion and Apparel,0
real estate and housing,International Relations,0
economy,Artificial Intelligence,0
arts,Art,0
education,Colleges and Universities,0
government and politics,Social Media,0
fashion,Deaths (Obituaries),0
censorship,Computers and the Internet,0
crime and justice,"Demonstrations, Protests and Riots",0
crime and justice,"Murders, Attempted Murders and Homicides",0
government and politics,Georgia Criminal Case Against Trump (2020 Election),0
economy,United States Economy,0
government and politics,United States International Relations,0
music and film,Movies,0
music,Social Media,0
government and politics,Television,0
war and conflict,Israel-Gaza War (2023- ),0
government and politics,internal-storyline-no,0
environment,Cooking and Cookbooks,0
royal family,Royal Families,0
music and film,Deaths (Obituaries),0
government and politics,internal-paywall-exempt,0
technology and security,your-feed-science,0
war and conflict,Defense and Military Forces,0
government and politics,Artificial Intelligence,0
government and politics,New York State Criminal Case Against Trump (71543-23),0
government and politics,Colleges and Universities,0
music and film,Movies,0
crime and justice,"Murders, Attempted Murders and Homicides",0
war and conflict,Israel-Gaza War (2023- ),0
government and politics,United States Politics and Government,0
government and politics,Decisions and Verdicts,0
health,your-feed-science,0
government and politics,New York State Criminal Case Against Trump (71543-23),0
government and politics,International Relations,0
environment,Global Warming,0
war and conflict,Palestinians,0
war and conflict,Defense and Military Forces,0
technology and security,Artificial Intelligence,0
animals,internal-storyline-no,0
arts,Content Type: Personal Profile,0
music and film,Classical Music,0
government and politics,Computers and the Internet,0
fashion,Fashion and Apparel,0
arts,Art,0
immigration,United States Economy,0
real estate and housing,Real Estate and Housing (Residential),0
health,Cooking and Cookbooks,0
music and film,Theater,0
music and film,Documentary Films and Programs,0
government and politics,Law and Legislation,0
social media,Social Media,0
government and politics,Georgia Criminal Case Against Trump (2020 Election),0
government and politics,audio-neutral-informative,0
government and politics,United States Politics and Government,0
fashion,Fashion and Apparel,1
government,Decisions and Verdicts,1
technology,internal-sub-only-nl,1
music,Deaths (Obituaries),1
government,"Demonstrations, Protests and Riots",1
government,AIRLINES AND AIRPLANES,1
crime,Decisions and Verdicts,1
government,Palestinians,1
government,Illegal Immigration,1
film,Documentary Films and Programs,1
government,Palestinians,1
film,Art,1
government,Defense and Military Forces,1
crime,AIRLINES AND AIRPLANES,1
government,internal-paywall-exempt,1
government,Politics and Government,1
palestine,Palestinians,1
science,your-feed-science,1
russia,"Demonstrations, Protests and Riots",1
fashion,Restaurants,1
music,Pop and Rock Music,1
science,your-feed-science,1
health,Politics and Government,1
film,Content Type: Personal Profile,1
technology,Real Estate and Housing (Residential),1
technology,Computers and the Internet,1
music,Culture (Arts),1
government,Primaries and Caucuses,1
artificial intelligence,Social Media,1
government,Politics and Government,1
government,Presidential Election of 2024,1
fashion,Fashion and Apparel,1
music,Classical Music,1
culture,Cooking and Cookbooks,1
culture,Deaths (Obituaries),1
health,Royal Families,1
film,Documentary Films and Programs,1
environment,Global Warming,1
environment,internal-storyline-no,1
government,Elections,1
government,United States Politics and Government,1
government,Law and Legislation,1
government,Law and Legislation,1
china,Restaurants,1
film,Art,1
economy,Restaurants,1
government,audio-neutral-informative,1
government,Defense and Military Forces,1
technology,Artificial Intelligence,1
fashion,Computers and the Internet,1
crime,"Murders, Attempted Murders and Homicides",1
technology,Books and Literature,1
technology,AIRLINES AND AIRPLANES,1
government,United States Politics and Government,1
government,United States Politics and Government,1
government,United States International Relations,1
environment,Global Warming,1
health,internal-sub-only-nl,1
music,Dancing,1
government,Primaries and Caucuses,1
theater,Theater,1
government,Illegal Immigration,1
film,Documentary Films and Programs,1
business,United States Economy,1
politics,Theater,1
government,Illegal Immigration,1
film,Books and Literature,1
government,Presidential Election of 2024,1
government,Presidential Election of 2024,1
theater,Content Type: Personal Profile,1
justice,Abortion,1
culture,Cooking and Cookbooks,1
government,Deaths (Obituaries),1
crime,"Murders, Attempted Murders and Homicides",1
government,Elections,1
art,audio-neutral-informative,1
politics,United States Economy,1
celebrity,Content Type: Personal Profile,1
environment,Global Warming,1
internet,Cooking and Cookbooks,1
real estate,Cooking and Cookbooks,1
environment,Global Warming,1
crime,New York State Criminal Case Against Trump (71543-23),1
music,Content Type: Personal Profile,1
law,Deaths (Obituaries),1
government,Computers and the Internet,1
art,Movies,1
art,Deaths (Obituaries),1
government,internal-sub-only-nl,1
government,Israel-Gaza War (2023- ),1
film,Books and Literature,1
art,Classical Music,1
music,Classical Music,1
society,Social Media,1
technology,Artificial Intelligence,1
film,Movies,1
abortion,Abortion,1
government,internal-sub-only-nl,1
government,Primaries and Caucuses,1
government,Defense and Military Forces,1
film,Culture (Arts),1
government,Abortion,1
celebrity,Royal Families,1
crime,Decisions and Verdicts,1
government,United States International Relations,1
russia,Russian Invasion of Ukraine (2022),1
business,AIRLINES AND AIRPLANES,1
government,internal-paywall-exempt,1
government,Georgia Criminal Case Against Trump (2020 Election),1
art,internal-storyline-no,1
government,Primaries and Caucuses,1
travel,Travel and Vacations,1
government,Colleges and Universities,1
music,Culture (Arts),1
government,Elections,1
government,Georgia Criminal Case Against Trump (2020 Election),1
film,Movies,1
art,Art,1
government,International Relations,1
theater,Dancing,1
music,Dancing,1
environment,Global Warming,1
technology,Defense and Military Forces,1
abortion,Abortion,1
business,Restaurants,1
music,Documentary Films and Programs,1
crime,"Murders, Attempted Murders and Homicides",1
travel,Royal Families,1
government,Presidential Election of 2024,1
government,Illegal Immigration,1
government,Law and Legislation,1
art,Fashion and Apparel,1
government,United States International Relations,1
travel,AIRLINES AND AIRPLANES,1
music,Culture (Arts),1
education,Weddings and Engagements,1
crime,"Murders, Attempted Murders and Homicides",1
government,Elections,1
government,Illegal Immigration,1
travel,Books and Literature,1
art,Culture (Arts),1
art,Dancing,1
culture,Classical Music,1
education,internal-sub-only-nl,1
government,Primaries and Caucuses,1
government,Palestinians,1
music,Pop and Rock Music,1
travel,AIRLINES AND AIRPLANES,1
justice,Politics and Government,1
ukraine,Russian Invasion of Ukraine (2022),1
travel,International Relations,1
politics,"Demonstrations, Protests and Riots",1
crime,Georgia Criminal Case Against Trump (2020 Election),1
film,Books and Literature,1
government,Primaries and Caucuses,1
real estate,Real Estate and Housing (Residential),1
government,United States International Relations,1
film,Documentary Films and Programs,1
film,Movies,1
government,Real Estate and Housing (Residential),1
economy,internal-storyline-no,1
business,United States Economy,1
government,Presidential Election of 2024,1
government,Georgia Criminal Case Against Trump (2020 Election),1
economy,United States Economy,1
economy,United States Economy,1
education,Colleges and Universities,1
theater,Classical Music,1
government,Decisions and Verdicts,1
government,Decisions and Verdicts,1
film,Theater,1
government,Illegal Immigration,1
politics,Primaries and Caucuses,1
fashion,Restaurants,1
government,Elections,1
entertainment,Restaurants,1
health,Restaurants,1
crime,New York State Criminal Case Against Trump (71543-23),1
film,Culture (Arts),1
film,Content Type: Personal Profile,1
social media,Social Media,1
music,Books and Literature,1
agriculture,Cooking and Cookbooks,1
politics,Weddings and Engagements,1
fashion,Fashion and Apparel,1
travel,Travel and Vacations,1
government,"Demonstrations, Protests and Riots",1
artificial intelligence,internal-sub-only-nl,1
celebrity,Weddings and Engagements,1
travel,Travel and Vacations,1
education,"Demonstrations, Protests and Riots",1
government,internal-paywall-exempt,1
fashion,Fashion and Apparel,1
economy,United States International Relations,1
sports,Deaths (Obituaries),1
crime,Georgia Criminal Case Against Trump (2020 Election),1
russia,Russian Invasion of Ukraine (2022),1
government,Decisions and Verdicts,1
health,Russian Invasion of Ukraine (2022),1
music,Pop and Rock Music,1
health,Books and Literature,1
crime,audio-neutral-informative,1
sports,Colleges and Universities,1
government,New York State Criminal Case Against Trump (71543-23),1
travel,Travel and Vacations,1
government,Defense and Military Forces,1
travel,Art,1
health,Royal Families,1
government,Politics and Government,1
music,Pop and Rock Music,1
government,AIRLINES AND AIRPLANES,1
travel,Travel and Vacations,1
crime,Russian Invasion of Ukraine (2022),1
government,Computers and the Internet,1
theater,Theater,1
government,Abortion,1
government,internal-storyline-no,1
government,International Relations,1
government,internal-paywall-exempt,1
government,"Demonstrations, Protests and Riots",1
crime,New York State Criminal Case Against Trump (71543-23),1
film,Culture (Arts),1
government,internal-paywall-exempt,1
politics,Television,1
crime,Israel-Gaza War (2023- ),1
crime,Decisions and Verdicts,1
film,Dancing,1
economy,internal-storyline-no,1
theater,Theater,1
government,International Relations,1
technology,Artificial Intelligence,1
government,Law and Legislation,1
theater,Dancing,1
music,Pop and Rock Music,1
celebrity,Television,1
crime,United States Politics and Government,1
china,Cooking and Cookbooks,1
israel,Palestinians,1
crime,Israel-Gaza War (2023- ),1
health,Royal Families,1
government,Books and Literature,1
culture,Weddings and Engagements,1
fashion,Weddings and Engagements,1
film,Movies,1
russia,audio-neutral-informative,1
government,Elections,1
music,Pop and Rock Music,1
film,Television,1
art,Real Estate and Housing (Residential),1
abortion,"Demonstrations, Protests and Riots",1
celebrity,Weddings and Engagements,1
politics,Television,1
government,internal-paywall-exempt,1
technology,Computers and the Internet,1
fashion,Documentary Films and Programs,1
government,Presidential Election of 2024,1
government,Palestinians,1
government,Presidential Election of 2024,1
economy,United States Politics and Government,1
government,Russian Invasion of Ukraine (2022),1
travel,Restaurants,1
film,Content Type: Personal Profile,1
travel,Travel and Vacations,1
theater,Dancing,1
celebrity,Television,1
government,International Relations,1
economy,International Relations,1
israel,Palestinians,1
culture,Culture (Arts),1
government,Social Media,1
environment,your-feed-science,1
environment,Global Warming,1
government,United States Economy,1
health,your-feed-science,1
technology,AIRLINES AND AIRPLANES,1
government,Illegal Immigration,1
film,Television,1
technology,Computers and the Internet,1
music,Classical Music,1
society,Royal Families,1
education,Colleges and Universities,1
government,Defense and Military Forces,1
culture,Dancing,1
government,Primaries and Caucuses,1
government,internal-sub-only-nl,1
government,Abortion,1
government,Presidential Election of 2024,1
abortion,Colleges and Universities,1
government,United States International Relations,1
government,Israel-Gaza War (2023- ),1
technology,Artificial Intelligence,1
government,Elections,1
health,your-feed-science,1
film,Documentary Films and Programs,1
agriculture,Global Warming,1
travel,Travel and Vacations,1
travel,Travel and Vacations,1
film,audio-neutral-informative,1
russia,Russian Invasion of Ukraine (2022),1
travel,Real Estate and Housing (Residential),1
film,Television,1
technology,Artificial Intelligence,1
government,Colleges and Universities,1
government,Law and Legislation,1
government,United States Politics and Government,1
health,Content Type: Personal Profile,1
politics,Russian Invasion of Ukraine (2022),1
music,audio-neutral-informative,1
crime,"Murders, Attempted Murders and Homicides",1
government,internal-sub-only-nl,1
health,Royal Families,1
government,Israel-Gaza War (2023- ),1
travel,Weddings and Engagements,1
environment,Social Media,1
law,Law and Legislation,1
education,Real Estate and Housing (Residential),1
government,United States International Relations,1
art,Art,1
government,Law and Legislation,1
society,audio-neutral-informative,1
government,Israel-Gaza War (2023- ),1
government,Abortion,1
music,Pop and Rock Music,1
art,Art,1
government,Elections,1
government,Politics and Government,1
film,Fashion and Apparel,1
government,New York State Criminal Case Against Trump (71543-23),1
film,Pop and Rock Music,1
music,Classical Music,1
film,Movies,1
environment,Real Estate and Housing (Residential),1
health,Weddings and Engagements,1
economy,internal-storyline-no,1
theater,Theater,1
celebrity,New York State Criminal Case Against Trump (71543-23),1
science,your-feed-science,1
music,Theater,1
government,Politics and Government,1
crime,"Murders, Attempted Murders and Homicides",1
crime,Georgia Criminal Case Against Trump (2020 Election),1
abortion,Abortion,1
government,internal-paywall-exempt,1
government,Politics and Government,1
government,Illegal Immigration,1
fashion,Fashion and Apparel,1
real estate,International Relations,1
technology,Artificial Intelligence,1
art,Art,1
education,Colleges and Universities,1
technology,Social Media,1
fashion,Deaths (Obituaries),1
technology,Computers and the Internet,1
education,"Demonstrations, Protests and Riots",1
crime,"Murders, Attempted Murders and Homicides",1
crime,Georgia Criminal Case Against Trump (2020 Election),1
economy,United States Economy,1
government,United States International Relations,1
film,Movies,1
deepfakes,Social Media,1
entertainment,Television,1
crime,Israel-Gaza War (2023- ),1
technology,internal-storyline-no,1
china,Cooking and Cookbooks,1
celebrity,Royal Families,1
film,Deaths (Obituaries),1
government,internal-paywall-exempt,1
science,your-feed-science,1
government,Defense and Military Forces,1
technology,Artificial Intelligence,1
crime,New York State Criminal Case Against Trump (71543-23),1
government,Colleges and Universities,1
film,Movies,1
crime,"Murders, Attempted Murders and Homicides",1
palestine,Israel-Gaza War (2023- ),1
government,United States Politics and Government,1
crime,Decisions and Verdicts,1
vaccines,your-feed-science,1
government,New York State Criminal Case Against Trump (71543-23),1
government,International Relations,1
environment,Global Warming,1
government,Palestinians,1
government,Defense and Military Forces,1
technology,Artificial Intelligence,1
art,internal-storyline-no,1
theater,Content Type: Personal Profile,1
music,Classical Music,1
government,Computers and the Internet,1
celebrity,Fashion and Apparel,1
art,Art,1
society,United States Economy,1
fashion,Real Estate and Housing (Residential),1
agriculture,Cooking and Cookbooks,1
theater,Theater,1
film,Documentary Films and Programs,1
government,Law and Legislation,1
social media,Social Media,1
crime,Georgia Criminal Case Against Trump (2020 Election),1
government,audio-neutral-informative,1
government,United States Politics and Government,1
fashion,Fashion and Apparel,2
government,Decisions and Verdicts,2
technology,internal-sub-only-nl,2
music,Deaths (Obituaries),2
government,"Demonstrations, Protests and Riots",2
government,AIRLINES AND AIRPLANES,2
crime,Decisions and Verdicts,2
government,Palestinians,2
government,Illegal Immigration,2
film,Documentary Films and Programs,2
government,Palestinians,2
film,Art,2
government,Defense and Military Forces,2
crime,AIRLINES AND AIRPLANES,2
government,internal-paywall-exempt,2
government,Politics and Government,2
palestine,Palestinians,2
science,your-feed-science,2
russia,"Demonstrations, Protests and Riots",2
fashion,Restaurants,2
music,Pop and Rock Music,2
science,your-feed-science,2
health,Politics and Government,2
film,Content Type: Personal Profile,2
technology,Real Estate and Housing (Residential),2
technology,Computers and the Internet,2
music,Culture (Arts),2
government,Primaries and Caucuses,2
artificial intelligence,Social Media,2
government,Politics and Government,2
government,Presidential Election of 2024,2
fashion,Fashion and Apparel,2
music,Classical Music,2
culture,Cooking and Cookbooks,2
culture,Deaths (Obituaries),2
health,Royal Families,2
film,Documentary Films and Programs,2
environment,Global Warming,2
environment,internal-storyline-no,2
government,Elections,2
government,United States Politics and Government,2
government,Law and Legislation,2
government,Law and Legislation,2
china,Restaurants,2
film,Art,2
economy,Restaurants,2
government,audio-neutral-informative,2
government,Defense and Military Forces,2
technology,Artificial Intelligence,2
fashion,Computers and the Internet,2
crime,"Murders, Attempted Murders and Homicides",2
technology,Books and Literature,2
technology,AIRLINES AND AIRPLANES,2
government,United States Politics and Government,2
government,United States Politics and Government,2
government,United States International Relations,2
environment,Global Warming,2
health,internal-sub-only-nl,2
music,Dancing,2
government,Primaries and Caucuses,2
theater,Theater,2
government,Illegal Immigration,2
film,Documentary Films and Programs,2
business,United States Economy,2
politics,Theater,2
government,Illegal Immigration,2
film,Books and Literature,2
government,Presidential Election of 2024,2
government,Presidential Election of 2024,2
theater,Content Type: Personal Profile,2
justice,Abortion,2
culture,Cooking and Cookbooks,2
government,Deaths (Obituaries),2
crime,"Murders, Attempted Murders and Homicides",2
government,Elections,2
art,audio-neutral-informative,2
politics,United States Economy,2
celebrity,Content Type: Personal Profile,2
environment,Global Warming,2
internet,Cooking and Cookbooks,2
real estate,Cooking and Cookbooks,2
environment,Global Warming,2
crime,New York State Criminal Case Against Trump (71543-23),2
music,Content Type: Personal Profile,2
law,Deaths (Obituaries),2
government,Computers and the Internet,2
art,Movies,2
art,Deaths (Obituaries),2
government,internal-sub-only-nl,2
government,Israel-Gaza War (2023- ),2
film,Books and Literature,2
art,Classical Music,2
music,Classical Music,2
society,Social Media,2
technology,Artificial Intelligence,2
film,Movies,2
abortion,Abortion,2
government,internal-sub-only-nl,2
government,Primaries and Caucuses,2
government,Defense and Military Forces,2
film,Culture (Arts),2
government,Abortion,2
celebrity,Royal Families,2
crime,Decisions and Verdicts,2
government,United States International Relations,2
russia,Russian Invasion of Ukraine (2022),2
business,AIRLINES AND AIRPLANES,2
government,internal-paywall-exempt,2
government,Georgia Criminal Case Against Trump (2020 Election),2
art,internal-storyline-no,2
government,Primaries and Caucuses,2
travel,Travel and Vacations,2
government,Colleges and Universities,2
music,Culture (Arts),2
government,Elections,2
government,Georgia Criminal Case Against Trump (2020 Election),2
film,Movies,2
art,Art,2
government,International Relations,2
theater,Dancing,2
music,Dancing,2
environment,Global Warming,2
technology,Defense and Military Forces,2
abortion,Abortion,2
fashion,Restaurants,2
music,Documentary Films and Programs,2
crime,"Murders, Attempted Murders and Homicides",2
travel,Royal Families,2
government,Presidential Election of 2024,2
government,Illegal Immigration,2
government,Law and Legislation,2
art,Fashion and Apparel,2
government,United States International Relations,2
travel,AIRLINES AND AIRPLANES,2
music,Culture (Arts),2
education,Weddings and Engagements,2
crime,"Murders, Attempted Murders and Homicides",2
government,Elections,2
government,Illegal Immigration,2
travel,Books and Literature,2
art,Culture (Arts),2
theater,Dancing,2
culture,Classical Music,2
education,internal-sub-only-nl,2
government,Primaries and Caucuses,2
government,Palestinians,2
music,Pop and Rock Music,2
travel,AIRLINES AND AIRPLANES,2
justice,Politics and Government,2
ukraine,Russian Invasion of Ukraine (2022),2
travel,International Relations,2
politics,"Demonstrations, Protests and Riots",2
crime,Georgia Criminal Case Against Trump (2020 Election),2
film,Books and Literature,2
government,Primaries and Caucuses,2
real estate,Real Estate and Housing (Residential),2
government,United States International Relations,2
film,Documentary Films and Programs,2
film,Movies,2
government,Real Estate and Housing (Residential),2
economy,internal-storyline-no,2
business,United States Economy,2
government,Presidential Election of 2024,2
government,Georgia Criminal Case Against Trump (2020 Election),2
economy,United States Economy,2
economy,United States Economy,2
education,Colleges and Universities,2
theater,Classical Music,2
government,Decisions and Verdicts,2
government,Decisions and Verdicts,2
film,Theater,2
government,Illegal Immigration,2
politics,Primaries and Caucuses,2
fashion,Restaurants,2
government,Elections,2
entertainment,Restaurants,2
health,Restaurants,2
crime,New York State Criminal Case Against Trump (71543-23),2
film,Culture (Arts),2
film,Content Type: Personal Profile,2
social media,Social Media,2
music,Books and Literature,2
agriculture,Cooking and Cookbooks,2
politics,Weddings and Engagements,2
fashion,Fashion and Apparel,2
travel,Travel and Vacations,2
government,"Demonstrations, Protests and Riots",2
artificial intelligence,internal-sub-only-nl,2
celebrity,Weddings and Engagements,2
travel,Travel and Vacations,2
education,"Demonstrations, Protests and Riots",2
government,internal-paywall-exempt,2
fashion,Fashion and Apparel,2
economy,United States International Relations,2
sports,Deaths (Obituaries),2
crime,Georgia Criminal Case Against Trump (2020 Election),2
russia,Russian Invasion of Ukraine (2022),2
government,Decisions and Verdicts,2
health,Russian Invasion of Ukraine (2022),2
music,Pop and Rock Music,2
health,Books and Literature,2
crime,audio-neutral-informative,2
sports,Colleges and Universities,2
government,New York State Criminal Case Against Trump (71543-23),2
travel,Travel and Vacations,2
government,Defense and Military Forces,2
travel,Art,2
health,Royal Families,2
government,Politics and Government,2
music,Pop and Rock Music,2
government,AIRLINES AND AIRPLANES,2
travel,Travel and Vacations,2
crime,Russian Invasion of Ukraine (2022),2
government,Computers and the Internet,2
theater,Theater,2
government,Abortion,2
government,internal-storyline-no,2
government,International Relations,2
government,internal-paywall-exempt,2
government,"Demonstrations, Protests and Riots",2
crime,New York State Criminal Case Against Trump (71543-23),2
film,Culture (Arts),2
government,internal-paywall-exempt,2
politics,Television,2
crime,Israel-Gaza War (2023- ),2
crime,Decisions and Verdicts,2
film,Dancing,2
economy,internal-storyline-no,2
theater,Theater,2
government,International Relations,2
technology,Artificial Intelligence,2
government,Law and Legislation,2
theater,Dancing,2
music,Pop and Rock Music,2
celebrity,Television,2
crime,United States Politics and Government,2
china,Cooking and Cookbooks,2
israel,Palestinians,2
crime,Israel-Gaza War (2023- ),2
health,Royal Families,2
culture,Books and Literature,2
culture,Weddings and Engagements,2
fashion,Weddings and Engagements,2
film,Movies,2
russia,audio-neutral-informative,2
government,Elections,2
music,Pop and Rock Music,2
film,Television,2
art,Real Estate and Housing (Residential),2
abortion,"Demonstrations, Protests and Riots",2
celebrity,Weddings and Engagements,2
politics,Television,2
government,internal-paywall-exempt,2
technology,Computers and the Internet,2
fashion,Documentary Films and Programs,2
government,Presidential Election of 2024,2
government,Palestinians,2
government,Presidential Election of 2024,2
economy,United States Politics and Government,2
government,Russian Invasion of Ukraine (2022),2
travel,Restaurants,2
film,Content Type: Personal Profile,2
travel,Travel and Vacations,2
theater,Dancing,2
celebrity,Television,2
government,International Relations,2
economy,International Relations,2
israel,Palestinians,2
culture,Culture (Arts),2
government,Social Media,2
environment,your-feed-science,2
environment,Global Warming,2
government,United States Economy,2
health,your-feed-science,2
technology,AIRLINES AND AIRPLANES,2
government,Illegal Immigration,2
film,Television,2
technology,Computers and the Internet,2
music,Classical Music,2
society,Royal Families,2
education,Colleges and Universities,2
government,Defense and Military Forces,2
culture,Dancing,2
government,Primaries and Caucuses,2
government,internal-sub-only-nl,2
government,Abortion,2
government,Presidential Election of 2024,2
abortion,Colleges and Universities,2
government,United States International Relations,2
government,Israel-Gaza War (2023- ),2
technology,Artificial Intelligence,2
politics,Elections,2
health,your-feed-science,2
film,Documentary Films and Programs,2
agriculture,Global Warming,2
travel,Travel and Vacations,2
travel,Travel and Vacations,2
film,audio-neutral-informative,2
russia,Russian Invasion of Ukraine (2022),2
travel,Real Estate and Housing (Residential),2
film,Television,2
technology,Artificial Intelligence,2
government,Colleges and Universities,2
government,Law and Legislation,2
government,United States Politics and Government,2
health,Content Type: Personal Profile,2
politics,Russian Invasion of Ukraine (2022),2
music,audio-neutral-informative,2
crime,"Murders, Attempted Murders and Homicides",2
government,internal-sub-only-nl,2
health,Royal Families,2
government,Israel-Gaza War (2023- ),2
travel,Weddings and Engagements,2
environment,Social Media,2
law,Law and Legislation,2
education,Real Estate and Housing (Residential),2
government,United States International Relations,2
art,Art,2
government,Law and Legislation,2
society,audio-neutral-informative,2
government,Israel-Gaza War (2023- ),2
government,Abortion,2
music,Pop and Rock Music,2
art,Art,2
government,Elections,2
government,Politics and Government,2
film,Fashion and Apparel,2
government,New York State Criminal Case Against Trump (71543-23),2
film,Pop and Rock Music,2
music,Classical Music,2
film,Movies,2
environment,Real Estate and Housing (Residential),2
health,Weddings and Engagements,2
economy,internal-storyline-no,2
theater,Theater,2
celebrity,New York State Criminal Case Against Trump (71543-23),2
science,your-feed-science,2
music,Theater,2
government,Politics and Government,2
crime,"Murders, Attempted Murders and Homicides",2
crime,Georgia Criminal Case Against Trump (2020 Election),2
abortion,Abortion,2
government,internal-paywall-exempt,2
government,Politics and Government,2
government,Illegal Immigration,2
fashion,Fashion and Apparel,2
real estate,International Relations,2
technology,Artificial Intelligence,2
art,Art,2
education,Colleges and Universities,2
technology,Social Media,2
fashion,Deaths (Obituaries),2
technology,Computers and the Internet,2
education,"Demonstrations, Protests and Riots",2
crime,"Murders, Attempted Murders and Homicides",2
crime,Georgia Criminal Case Against Trump (2020 Election),2
economy,United States Economy,2
government,United States International Relations,2
film,Movies,2
deepfakes,Social Media,2
entertainment,Television,2
crime,Israel-Gaza War (2023- ),2
technology,internal-storyline-no,2
china,Cooking and Cookbooks,2
celebrity,Royal Families,2
film,Deaths (Obituaries),2
government,internal-paywall-exempt,2
science,your-feed-science,2
government,Defense and Military Forces,2
technology,Artificial Intelligence,2
crime,New York State Criminal Case Against Trump (71543-23),2
government,Colleges and Universities,2
film,Movies,2
crime,"Murders, Attempted Murders and Homicides",2
palestine,Israel-Gaza War (2023- ),2
government,United States Politics and Government,2
crime,Decisions and Verdicts,2
vaccines,your-feed-science,2
government,New York State Criminal Case Against Trump (71543-23),2
government,International Relations,2
environment,Global Warming,2
government,Palestinians,2
government,Defense and Military Forces,2
technology,Artificial Intelligence,2
art,internal-storyline-no,2
theater,Content Type: Personal Profile,2
music,Classical Music,2
government,Computers and the Internet,2
celebrity,Fashion and Apparel,2
art,Art,2
society,United States Economy,2
fashion,Real Estate and Housing (Residential),2
agriculture,Cooking and Cookbooks,2
theater,Theater,2
film,Documentary Films and Programs,2
government,Law and Legislation,2
social media,Social Media,2
crime,Georgia Criminal Case Against Trump (2020 Election),2
government,audio-neutral-informative,2
government,United States Politics and Government,2
fashion,Fashion and Apparel,3
government,Decisions and Verdicts,3
technology,internal-sub-only-nl,3
music,Deaths (Obituaries),3
government,"Demonstrations, Protests and Riots",3
government,AIRLINES AND AIRPLANES,3
crime,Decisions and Verdicts,3
government,Palestinians,3
government,Illegal Immigration,3
film,Documentary Films and Programs,3
government,Palestinians,3
film,Art,3
government,Defense and Military Forces,3
crime,AIRLINES AND AIRPLANES,3
government,internal-paywall-exempt,3
government,Politics and Government,3
palestine,Palestinians,3
science,your-feed-science,3
russia,"Demonstrations, Protests and Riots",3
fashion,Restaurants,3
music,Pop and Rock Music,3
science,your-feed-science,3
health,Politics and Government,3
film,Content Type: Personal Profile,3
technology,Real Estate and Housing (Residential),3
technology,Computers and the Internet,3
music,Culture (Arts),3
government,Primaries and Caucuses,3
artificial intelligence,Social Media,3
government,Politics and Government,3
government,Presidential Election of 2024,3
fashion,Fashion and Apparel,3
music,Classical Music,3
culture,Cooking and Cookbooks,3
culture,Deaths (Obituaries),3
health,Royal Families,3
film,Documentary Films and Programs,3
environment,Global Warming,3
environment,internal-storyline-no,3
government,Elections,3
government,United States Politics and Government,3
government,Law and Legislation,3
government,Law and Legislation,3
china,Restaurants,3
film,Art,3
economy,Restaurants,3
government,audio-neutral-informative,3
government,Defense and Military Forces,3
technology,Artificial Intelligence,3
fashion,Computers and the Internet,3
crime,"Murders, Attempted Murders and Homicides",3
technology,Books and Literature,3
technology,AIRLINES AND AIRPLANES,3
government,United States Politics and Government,3
government,United States Politics and Government,3
government,United States International Relations,3
environment,Global Warming,3
health,internal-sub-only-nl,3
music,Dancing,3
government,Primaries and Caucuses,3
theater,Theater,3
government,Illegal Immigration,3
film,Documentary Films and Programs,3
business,United States Economy,3
politics,Theater,3
government,Illegal Immigration,3
film,Books and Literature,3
government,Presidential Election of 2024,3
government,Presidential Election of 2024,3
theater,Content Type: Personal Profile,3
justice,Abortion,3
culture,Cooking and Cookbooks,3
government,Deaths (Obituaries),3
crime,"Murders, Attempted Murders and Homicides",3
government,Elections,3
art,audio-neutral-informative,3
politics,United States Economy,3
celebrity,Content Type: Personal Profile,3
environment,Global Warming,3
internet,Cooking and Cookbooks,3
real estate,Cooking and Cookbooks,3
environment,Global Warming,3
crime,New York State Criminal Case Against Trump (71543-23),3
music,Content Type: Personal Profile,3
law,Deaths (Obituaries),3
government,Computers and the Internet,3
art,Movies,3
art,Deaths (Obituaries),3
government,internal-sub-only-nl,3
government,Israel-Gaza War (2023- ),3
film,Books and Literature,3
art,Classical Music,3
music,Classical Music,3
society,Social Media,3
technology,Artificial Intelligence,3
film,Movies,3
abortion,Abortion,3
government,internal-sub-only-nl,3
government,Primaries and Caucuses,3
government,Defense and Military Forces,3
film,Culture (Arts),3
government,Abortion,3
celebrity,Royal Families,3
crime,Decisions and Verdicts,3
government,United States International Relations,3
russia,Russian Invasion of Ukraine (2022),3
business,AIRLINES AND AIRPLANES,3
government,internal-paywall-exempt,3
government,Georgia Criminal Case Against Trump (2020 Election),3
art,internal-storyline-no,3
government,Primaries and Caucuses,3
travel,Travel and Vacations,3
government,Colleges and Universities,3
music,Culture (Arts),3
government,Elections,3
government,Georgia Criminal Case Against Trump (2020 Election),3
film,Movies,3
art,Art,3
government,International Relations,3
theater,Dancing,3
music,Dancing,3
environment,Global Warming,3
technology,Defense and Military Forces,3
abortion,Abortion,3
fashion,Restaurants,3
music,Documentary Films and Programs,3
crime,"Murders, Attempted Murders and Homicides",3
travel,Royal Families,3
government,Presidential Election of 2024,3
government,Illegal Immigration,3
government,Law and Legislation,3
art,Fashion and Apparel,3
government,United States International Relations,3
travel,AIRLINES AND AIRPLANES,3
music,Culture (Arts),3
education,Weddings and Engagements,3
crime,"Murders, Attempted Murders and Homicides",3
government,Elections,3
government,Illegal Immigration,3
travel,Books and Literature,3
art,Culture (Arts),3
theater,Dancing,3
culture,Classical Music,3
education,internal-sub-only-nl,3
government,Primaries and Caucuses,3
government,Palestinians,3
music,Pop and Rock Music,3
travel,AIRLINES AND AIRPLANES,3
justice,Politics and Government,3
ukraine,Russian Invasion of Ukraine (2022),3
travel,International Relations,3
politics,"Demonstrations, Protests and Riots",3
crime,Georgia Criminal Case Against Trump (2020 Election),3
film,Books and Literature,3
government,Primaries and Caucuses,3
real estate,Real Estate and Housing (Residential),3
government,United States International Relations,3
film,Documentary Films and Programs,3
film,Movies,3
government,Real Estate and Housing (Residential),3
economy,internal-storyline-no,3
business,United States Economy,3
government,Presidential Election of 2024,3
government,Georgia Criminal Case Against Trump (2020 Election),3
economy,United States Economy,3
economy,United States Economy,3
education,Colleges and Universities,3
theater,Classical Music,3
government,Decisions and Verdicts,3
government,Decisions and Verdicts,3
film,Theater,3
government,Illegal Immigration,3
politics,Primaries and Caucuses,3
fashion,Restaurants,3
government,Elections,3
entertainment,Restaurants,3
health,Restaurants,3
crime,New York State Criminal Case Against Trump (71543-23),3
film,Culture (Arts),3
film,Content Type: Personal Profile,3
social media,Social Media,3
music,Books and Literature,3
agriculture,Cooking and Cookbooks,3
politics,Weddings and Engagements,3
fashion,Fashion and Apparel,3
travel,Travel and Vacations,3
government,"Demonstrations, Protests and Riots",3
artificial intelligence,internal-sub-only-nl,3
celebrity,Weddings and Engagements,3
travel,Travel and Vacations,3
education,"Demonstrations, Protests and Riots",3
government,internal-paywall-exempt,3
fashion,Fashion and Apparel,3
economy,United States International Relations,3
sports,Deaths (Obituaries),3
crime,Georgia Criminal Case Against Trump (2020 Election),3
russia,Russian Invasion of Ukraine (2022),3
government,Decisions and Verdicts,3
health,Russian Invasion of Ukraine (2022),3
music,Pop and Rock Music,3
health,Books and Literature,3
crime,audio-neutral-informative,3
sports,Colleges and Universities,3
government,New York State Criminal Case Against Trump (71543-23),3
travel,Travel and Vacations,3
government,Defense and Military Forces,3
travel,Art,3
health,Royal Families,3
government,Politics and Government,3
music,Pop and Rock Music,3
government,AIRLINES AND AIRPLANES,3
travel,Travel and Vacations,3
crime,Russian Invasion of Ukraine (2022),3
government,Computers and the Internet,3
theater,Theater,3
government,Abortion,3
government,internal-storyline-no,3
government,International Relations,3
government,internal-paywall-exempt,3
government,"Demonstrations, Protests and Riots",3
crime,New York State Criminal Case Against Trump (71543-23),3
film,Culture (Arts),3
government,internal-paywall-exempt,3
politics,Television,3
crime,Israel-Gaza War (2023- ),3
crime,Decisions and Verdicts,3
film,Dancing,3
economy,internal-storyline-no,3
theater,Theater,3
government,International Relations,3
technology,Artificial Intelligence,3
government,Law and Legislation,3
theater,Dancing,3
music,Pop and Rock Music,3
celebrity,Television,3
crime,United States Politics and Government,3
health,Cooking and Cookbooks,3
israel,Palestinians,3
crime,Israel-Gaza War (2023- ),3
health,Royal Families,3
culture,Books and Literature,3
culture,Weddings and Engagements,3
fashion,Weddings and Engagements,3
film,Movies,3
russia,audio-neutral-informative,3
government,Elections,3
music,Pop and Rock Music,3
film,Television,3
art,Real Estate and Housing (Residential),3
abortion,"Demonstrations, Protests and Riots",3
celebrity,Weddings and Engagements,3
politics,Television,3
government,internal-paywall-exempt,3
technology,Computers and the Internet,3
fashion,Documentary Films and Programs,3
government,Presidential Election of 2024,3
government,Palestinians,3
government,Presidential Election of 2024,3
economy,United States Politics and Government,3
government,Russian Invasion of Ukraine (2022),3
travel,Restaurants,3
film,Content Type: Personal Profile,3
travel,Travel and Vacations,3
theater,Dancing,3
celebrity,Television,3
government,International Relations,3
economy,International Relations,3
israel,Palestinians,3
culture,Culture (Arts),3
government,Social Media,3
environment,your-feed-science,3
environment,Global Warming,3
government,United States Economy,3
health,your-feed-science,3
technology,AIRLINES AND AIRPLANES,3
government,Illegal Immigration,3
film,Television,3
technology,Computers and the Internet,3
music,Classical Music,3
society,Royal Families,3
education,Colleges and Universities,3
government,Defense and Military Forces,3
culture,Dancing,3
government,Primaries and Caucuses,3
government,internal-sub-only-nl,3
government,Abortion,3
government,Presidential Election of 2024,3
abortion,Colleges and Universities,3
government,United States International Relations,3
government,Israel-Gaza War (2023- ),3
technology,Artificial Intelligence,3
politics,Elections,3
health,your-feed-science,3
film,Documentary Films and Programs,3
agriculture,Global Warming,3
travel,Travel and Vacations,3
travel,Travel and Vacations,3
film,audio-neutral-informative,3
russia,Russian Invasion of Ukraine (2022),3
travel,Real Estate and Housing (Residential),3
film,Television,3
technology,Artificial Intelligence,3
government,Colleges and Universities,3
government,Law and Legislation,3
government,United States Politics and Government,3
health,Content Type: Personal Profile,3
politics,Russian Invasion of Ukraine (2022),3
music,audio-neutral-informative,3
crime,"Murders, Attempted Murders and Homicides",3
government,internal-sub-only-nl,3
health,Royal Families,3
government,Israel-Gaza War (2023- ),3
travel,Weddings and Engagements,3
environment,Social Media,3
law,Law and Legislation,3
education,Real Estate and Housing (Residential),3
government,United States International Relations,3
art,Art,3
government,Law and Legislation,3
society,audio-neutral-informative,3
government,Israel-Gaza War (2023- ),3
government,Abortion,3
music,Pop and Rock Music,3
art,Art,3
government,Elections,3
government,Politics and Government,3
film,Fashion and Apparel,3
government,New York State Criminal Case Against Trump (71543-23),3
film,Pop and Rock Music,3
music,Classical Music,3
film,Movies,3
environment,Real Estate and Housing (Residential),3
health,Weddings and Engagements,3
economy,internal-storyline-no,3
theater,Theater,3
celebrity,New York State Criminal Case Against Trump (71543-23),3
science,your-feed-science,3
music,Theater,3
government,Politics and Government,3
crime,"Murders, Attempted Murders and Homicides",3
crime,Georgia Criminal Case Against Trump (2020 Election),3
abortion,Abortion,3
government,internal-paywall-exempt,3
government,Politics and Government,3
government,Illegal Immigration,3
fashion,Fashion and Apparel,3
real estate,International Relations,3
technology,Artificial Intelligence,3
art,Art,3
education,Colleges and Universities,3
technology,Social Media,3
fashion,Deaths (Obituaries),3
technology,Computers and the Internet,3
education,"Demonstrations, Protests and Riots",3
crime,"Murders, Attempted Murders and Homicides",3
crime,Georgia Criminal Case Against Trump (2020 Election),3
economy,United States Economy,3
government,United States International Relations,3
film,Movies,3
deepfakes,Social Media,3
entertainment,Television,3
crime,Israel-Gaza War (2023- ),3
technology,internal-storyline-no,3
china,Cooking and Cookbooks,3
celebrity,Royal Families,3
film,Deaths (Obituaries),3
government,internal-paywall-exempt,3
science,your-feed-science,3
government,Defense and Military Forces,3
technology,Artificial Intelligence,3
crime,New York State Criminal Case Against Trump (71543-23),3
government,Colleges and Universities,3
film,Movies,3
crime,"Murders, Attempted Murders and Homicides",3
palestine,Israel-Gaza War (2023- ),3
government,United States Politics and Government,3
crime,Decisions and Verdicts,3
vaccines,your-feed-science,3
government,New York State Criminal Case Against Trump (71543-23),3
government,International Relations,3
environment,Global Warming,3
government,Palestinians,3
government,Defense and Military Forces,3
technology,Artificial Intelligence,3
art,internal-storyline-no,3
theater,Content Type: Personal Profile,3
music,Classical Music,3
government,Computers and the Internet,3
celebrity,Fashion and Apparel,3
art,Art,3
society,United States Economy,3
fashion,Real Estate and Housing (Residential),3
agriculture,Cooking and Cookbooks,3
theater,Theater,3
film,Documentary Films and Programs,3
government,Law and Legislation,3
social media,Social Media,3
crime,Georgia Criminal Case Against Trump (2020 Election),3
government,audio-neutral-informative,3
government,United States Politics and Government,3
fashion,Fashion and Apparel,4
government,Decisions and Verdicts,4
technology,internal-sub-only-nl,4
music,Deaths (Obituaries),4
government,"Demonstrations, Protests and Riots",4
government,AIRLINES AND AIRPLANES,4
crime,Decisions and Verdicts,4
government,Palestinians,4
government,Illegal Immigration,4
film,Documentary Films and Programs,4
government,Palestinians,4
film,Art,4
government,Defense and Military Forces,4
crime,AIRLINES AND AIRPLANES,4
government,internal-paywall-exempt,4
government,Politics and Government,4
palestine,Palestinians,4
science,your-feed-science,4
russia,"Demonstrations, Protests and Riots",4
fashion,Restaurants,4
music,Pop and Rock Music,4
science,your-feed-science,4
health,Politics and Government,4
film,Content Type: Personal Profile,4
technology,Real Estate and Housing (Residential),4
technology,Computers and the Internet,4
music,Culture (Arts),4
government,Primaries and Caucuses,4
artificial intelligence,Social Media,4
government,Politics and Government,4
government,Presidential Election of 2024,4
fashion,Fashion and Apparel,4
music,Classical Music,4
culture,Cooking and Cookbooks,4
culture,Deaths (Obituaries),4
health,Royal Families,4
film,Documentary Films and Programs,4
environment,Global Warming,4
environment,internal-storyline-no,4
government,Elections,4
government,United States Politics and Government,4
government,Law and Legislation,4
government,Law and Legislation,4
china,Restaurants,4
film,Art,4
economy,Restaurants,4
government,audio-neutral-informative,4
government,Defense and Military Forces,4
technology,Artificial Intelligence,4
fashion,Computers and the Internet,4
crime,"Murders, Attempted Murders and Homicides",4
technology,Books and Literature,4
technology,AIRLINES AND AIRPLANES,4
government,United States Politics and Government,4
government,United States Politics and Government,4
government,United States International Relations,4
environment,Global Warming,4
health,internal-sub-only-nl,4
music,Dancing,4
government,Primaries and Caucuses,4
theater,Theater,4
government,Illegal Immigration,4
film,Documentary Films and Programs,4
business,United States Economy,4
politics,Theater,4
government,Illegal Immigration,4
film,Books and Literature,4
government,Presidential Election of 2024,4
government,Presidential Election of 2024,4
theater,Content Type: Personal Profile,4
justice,Abortion,4
culture,Cooking and Cookbooks,4
government,Deaths (Obituaries),4
crime,"Murders, Attempted Murders and Homicides",4
government,Elections,4
art,audio-neutral-informative,4
politics,United States Economy,4
celebrity,Content Type: Personal Profile,4
environment,Global Warming,4
internet,Cooking and Cookbooks,4
real estate,Cooking and Cookbooks,4
environment,Global Warming,4
crime,New York State Criminal Case Against Trump (71543-23),4
music,Content Type: Personal Profile,4
law,Deaths (Obituaries),4
government,Computers and the Internet,4
art,Movies,4
art,Deaths (Obituaries),4
government,internal-sub-only-nl,4
government,Israel-Gaza War (2023- ),4
film,Books and Literature,4
art,Classical Music,4
music,Classical Music,4
society,Social Media,4
technology,Artificial Intelligence,4
film,Movies,4
abortion,Abortion,4
government,internal-sub-only-nl,4
government,Primaries and Caucuses,4
government,Defense and Military Forces,4
film,Culture (Arts),4
government,Abortion,4
celebrity,Royal Families,4
crime,Decisions and Verdicts,4
government,United States International Relations,4
russia,Russian Invasion of Ukraine (2022),4
business,AIRLINES AND AIRPLANES,4
government,internal-paywall-exempt,4
government,Georgia Criminal Case Against Trump (2020 Election),4
art,internal-storyline-no,4
government,Primaries and Caucuses,4
travel,Travel and Vacations,4
government,Colleges and Universities,4
music,Culture (Arts),4
government,Elections,4
government,Georgia Criminal Case Against Trump (2020 Election),4
film,Movies,4
art,Art,4
government,International Relations,4
theater,Dancing,4
music,Dancing,4
environment,Global Warming,4
technology,Defense and Military Forces,4
abortion,Abortion,4
business,Restaurants,4
music,Documentary Films and Programs,4
crime,"Murders, Attempted Murders and Homicides",4
travel,Royal Families,4
government,Presidential Election of 2024,4
government,Illegal Immigration,4
government,Law and Legislation,4
art,Fashion and Apparel,4
government,United States International Relations,4
travel,AIRLINES AND AIRPLANES,4
music,Culture (Arts),4
education,Weddings and Engagements,4
crime,"Murders, Attempted Murders and Homicides",4
government,Elections,4
government,Illegal Immigration,4
travel,Books and Literature,4
art,Culture (Arts),4
art,Dancing,4
culture,Classical Music,4
education,internal-sub-only-nl,4
government,Primaries and Caucuses,4
government,Palestinians,4
music,Pop and Rock Music,4
travel,AIRLINES AND AIRPLANES,4
justice,Politics and Government,4
ukraine,Russian Invasion of Ukraine (2022),4
travel,International Relations,4
politics,"Demonstrations, Protests and Riots",4
crime,Georgia Criminal Case Against Trump (2020 Election),4
film,Books and Literature,4
government,Primaries and Caucuses,4
real estate,Real Estate and Housing (Residential),4
government,United States International Relations,4
film,Documentary Films and Programs,4
film,Movies,4
government,Real Estate and Housing (Residential),4
economy,internal-storyline-no,4
business,United States Economy,4
government,Presidential Election of 2024,4
government,Georgia Criminal Case Against Trump (2020 Election),4
economy,United States Economy,4
economy,United States Economy,4
education,Colleges and Universities,4
theater,Classical Music,4
government,Decisions and Verdicts,4
government,Decisions and Verdicts,4
film,Theater,4
government,Illegal Immigration,4
politics,Primaries and Caucuses,4
fashion,Restaurants,4
government,Elections,4
entertainment,Restaurants,4
health,Restaurants,4
crime,New York State Criminal Case Against Trump (71543-23),4
film,Culture (Arts),4
film,Content Type: Personal Profile,4
social media,Social Media,4
music,Books and Literature,4
agriculture,Cooking and Cookbooks,4
politics,Weddings and Engagements,4
fashion,Fashion and Apparel,4
travel,Travel and Vacations,4
government,"Demonstrations, Protests and Riots",4
artificial intelligence,internal-sub-only-nl,4
celebrity,Weddings and Engagements,4
travel,Travel and Vacations,4
education,"Demonstrations, Protests and Riots",4
government,internal-paywall-exempt,4
fashion,Fashion and Apparel,4
economy,United States International Relations,4
sports,Deaths (Obituaries),4
crime,Georgia Criminal Case Against Trump (2020 Election),4
russia,Russian Invasion of Ukraine (2022),4
government,Decisions and Verdicts,4
health,Russian Invasion of Ukraine (2022),4
music,Pop and Rock Music,4
health,Books and Literature,4
crime,audio-neutral-informative,4
sports,Colleges and Universities,4
government,New York State Criminal Case Against Trump (71543-23),4
travel,Travel and Vacations,4
government,Defense and Military Forces,4
travel,Art,4
health,Royal Families,4
government,Politics and Government,4
music,Pop and Rock Music,4
government,AIRLINES AND AIRPLANES,4
travel,Travel and Vacations,4
crime,Russian Invasion of Ukraine (2022),4
government,Computers and the Internet,4
theater,Theater,4
government,Abortion,4
government,internal-storyline-no,4
government,International Relations,4
government,internal-paywall-exempt,4
government,"Demonstrations, Protests and Riots",4
crime,New York State Criminal Case Against Trump (71543-23),4
film,Culture (Arts),4
government,internal-paywall-exempt,4
politics,Television,4
crime,Israel-Gaza War (2023- ),4
crime,Decisions and Verdicts,4
film,Dancing,4
economy,internal-storyline-no,4
theater,Theater,4
government,International Relations,4
technology,Artificial Intelligence,4
government,Law and Legislation,4
theater,Dancing,4
music,Pop and Rock Music,4
celebrity,Television,4
crime,United States Politics and Government,4
china,Cooking and Cookbooks,4
israel,Palestinians,4
crime,Israel-Gaza War (2023- ),4
health,Royal Families,4
culture,Books and Literature,4
culture,Weddings and Engagements,4
fashion,Weddings and Engagements,4
film,Movies,4
russia,audio-neutral-informative,4
government,Elections,4
music,Pop and Rock Music,4
film,Television,4
art,Real Estate and Housing (Residential),4
abortion,"Demonstrations, Protests and Riots",4
celebrity,Weddings and Engagements,4
politics,Television,4
government,internal-paywall-exempt,4
technology,Computers and the Internet,4
fashion,Documentary Films and Programs,4
government,Presidential Election of 2024,4
government,Palestinians,4
government,Presidential Election of 2024,4
economy,United States Politics and Government,4
government,Russian Invasion of Ukraine (2022),4
travel,Restaurants,4
film,Content Type: Personal Profile,4
travel,Travel and Vacations,4
theater,Dancing,4
celebrity,Television,4
government,International Relations,4
economy,International Relations,4
israel,Palestinians,4
culture,Culture (Arts),4
government,Social Media,4
environment,your-feed-science,4
environment,Global Warming,4
government,United States Economy,4
health,your-feed-science,4
technology,AIRLINES AND AIRPLANES,4
government,Illegal Immigration,4
film,Television,4
technology,Computers and the Internet,4
music,Classical Music,4
society,Royal Families,4
education,Colleges and Universities,4
government,Defense and Military Forces,4
culture,Dancing,4
government,Primaries and Caucuses,4
government,internal-sub-only-nl,4
government,Abortion,4
government,Presidential Election of 2024,4
abortion,Colleges and Universities,4
government,United States International Relations,4
government,Israel-Gaza War (2023- ),4
technology,Artificial Intelligence,4
politics,Elections,4
health,your-feed-science,4
film,Documentary Films and Programs,4
agriculture,Global Warming,4
travel,Travel and Vacations,4
travel,Travel and Vacations,4
film,audio-neutral-informative,4
russia,Russian Invasion of Ukraine (2022),4
travel,Real Estate and Housing (Residential),4
film,Television,4
technology,Artificial Intelligence,4
government,Colleges and Universities,4
government,Law and Legislation,4
government,United States Politics and Government,4
health,Content Type: Personal Profile,4
politics,Russian Invasion of Ukraine (2022),4
music,audio-neutral-informative,4
crime,"Murders, Attempted Murders and Homicides",4
government,internal-sub-only-nl,4
health,Royal Families,4
government,Israel-Gaza War (2023- ),4
travel,Weddings and Engagements,4
environment,Social Media,4
law,Law and Legislation,4
education,Real Estate and Housing (Residential),4
government,United States International Relations,4
art,Art,4
government,Law and Legislation,4
society,audio-neutral-informative,4
government,Israel-Gaza War (2023- ),4
government,Abortion,4
music,Pop and Rock Music,4
art,Art,4
government,Elections,4
government,Politics and Government,4
film,Fashion and Apparel,4
government,New York State Criminal Case Against Trump (71543-23),4
film,Pop and Rock Music,4
music,Classical Music,4
film,Movies,4
environment,Real Estate and Housing (Residential),4
health,Weddings and Engagements,4
economy,internal-storyline-no,4
theater,Theater,4
celebrity,New York State Criminal Case Against Trump (71543-23),4
science,your-feed-science,4
music,Theater,4
government,Politics and Government,4
crime,"Murders, Attempted Murders and Homicides",4
crime,Georgia Criminal Case Against Trump (2020 Election),4
abortion,Abortion,4
government,internal-paywall-exempt,4
government,Politics and Government,4
government,Illegal Immigration,4
fashion,Fashion and Apparel,4
real estate,International Relations,4
technology,Artificial Intelligence,4
art,Art,4
education,Colleges and Universities,4
technology,Social Media,4
fashion,Deaths (Obituaries),4
technology,Computers and the Internet,4
education,"Demonstrations, Protests and Riots",4
crime,"Murders, Attempted Murders and Homicides",4
crime,Georgia Criminal Case Against Trump (2020 Election),4
economy,United States Economy,4
government,United States International Relations,4
film,Movies,4
deepfakes,Social Media,4
entertainment,Television,4
crime,Israel-Gaza War (2023- ),4
technology,internal-storyline-no,4
china,Cooking and Cookbooks,4
celebrity,Royal Families,4
film,Deaths (Obituaries),4
government,internal-paywall-exempt,4
science,your-feed-science,4
government,Defense and Military Forces,4
technology,Artificial Intelligence,4
crime,New York State Criminal Case Against Trump (71543-23),4
government,Colleges and Universities,4
film,Movies,4
crime,"Murders, Attempted Murders and Homicides",4
palestine,Israel-Gaza War (2023- ),4
government,United States Politics and Government,4
crime,Decisions and Verdicts,4
vaccines,your-feed-science,4
government,New York State Criminal Case Against Trump (71543-23),4
government,International Relations,4
environment,Global Warming,4
government,Palestinians,4
government,Defense and Military Forces,4
technology,Artificial Intelligence,4
art,internal-storyline-no,4
theater,Content Type: Personal Profile,4
music,Classical Music,4
government,Computers and the Internet,4
celebrity,Fashion and Apparel,4
art,Art,4
society,United States Economy,4
fashion,Real Estate and Housing (Residential),4
agriculture,Cooking and Cookbooks,4
theater,Theater,4
film,Documentary Films and Programs,4
government,Law and Legislation,4
social media,Social Media,4
crime,Georgia Criminal Case Against Trump (2020 Election),4
government,audio-neutral-informative,4
government,United States Politics and Government,4
