run,metric_name,score,num_topics
0,V_measure,0.34504883161591293,8
0,completeness,0.5364874495150543,8
0,homogeneity,0.25430380352959525,8
0,adjusted_mutual_info,0.21374882678999965,8
1,V_measure,0.3512488130366001,8
1,completeness,0.5437783681010634,8
1,homogeneity,0.2594043882202522,8
1,adjusted_mutual_info,0.220620132836009,8
2,V_measure,0.350656648811812,8
2,completeness,0.5420694293694416,8
2,homogeneity,0.2591477297655508,8
2,adjusted_mutual_info,0.21955715239952409,8
3,V_measure,0.3425273951872769,8
3,completeness,0.533245935003007,8
3,homogeneity,0.25229323739471515,8
3,adjusted_mutual_info,0.2108691732709115,8
4,V_measure,0.3492999328261054,8
4,completeness,0.5410848139918817,8
4,homogeneity,0.257891533009741,8
4,adjusted_mutual_info,0.21844105486277418,8
