run,metric_name,score,num_topics
0,V_measure,0.052251171726958076,3
0,completeness,0.11949098011787691,3
0,homogeneity,0.033436070033344416,3
0,adjusted_mutual_info,-0.0036973627757541866,3
1,V_measure,0.053281516619203786,3
1,completeness,0.12170293994695185,3
1,homogeneity,0.034106713656788766,3
1,adjusted_mutual_info,-0.002557086015828836,3
2,V_measure,0.048696644507860466,3
2,completeness,0.1116249531992734,3
2,homogeneity,0.031140985881751748,3
2,adjusted_mutual_info,-0.007554677533576395,3
3,V_measure,0.05347311596993336,3
3,completeness,0.12224070710141803,3
3,homogeneity,0.03422150538774238,3
3,adjusted_mutual_info,-0.0023893058506002443,3
4,V_measure,0.06101948751769819,3
4,completeness,0.13970010974475375,3
4,homogeneity,0.039034712567459856,3
4,adjusted_mutual_info,0.005541335012634447,3
