run,metric_name,score,num_topics
0,V_measure,0.597765959961572,50
0,completeness,0.6373691773056305,50
0,homogeneity,0.5627963579211698,50
0,adjusted_mutual_info,0.30509385166194214,50
1,V_measure,0.6015241551066104,50
1,completeness,0.6410470432974344,50
1,homogeneity,0.5665917097745489,50
1,adjusted_mutual_info,0.31151436973973046,50
2,V_measure,0.5998644701168272,50
2,completeness,0.6390934715781208,50
2,homogeneity,0.5651728815139184,50
2,adjusted_mutual_info,0.30781782475052105,50
3,V_measure,0.5877162255952939,50
3,completeness,0.6275029583778522,50
3,homogeneity,0.552674011202516,50
3,adjusted_mutual_info,0.29037459923346637,50
4,V_measure,0.6087978552096891,50
4,completeness,0.6501342312094663,50
4,homogeneity,0.5724036877809782,50
4,adjusted_mutual_info,0.3265691079707965,50
