topic_name,ground_truth,run
visual arts,Fashion and Apparel,0
civil rights,Decisions and Verdicts,0
labor issues,internal-sub-only-nl,0
music,Deaths (Obituaries),0
labor issues,"Demonstrations, Protests and Riots",0
public safety,AIRLINES AND AIRPLANES,0
criminal justice,Decisions and Verdicts,0
international law,Palestinians,0
law enforcement,Illegal Immigration,0
film,Documentary Films and Programs,0
peace processes,Palestinians,0
film,Art,0
military conflicts,Defense and Military Forces,0
law enforcement,AIRLINES AND AIRPLANES,0
military conflicts,internal-paywall-exempt,0
elections,Politics and Government,0
human rights,Palestinians,0
inequality,your-feed-science,0
elections,"Demonstrations, Protests and Riots",0
entrepreneurship,Restaurants,0
music,Pop and Rock Music,0
cultural heritage,your-feed-science,0
healthcare systems,Politics and Government,0
television,Content Type: Personal Profile,0
innovation,Real Estate and Housing (Residential),0
innovation,Computers and the Internet,0
music,Culture (Arts),0
elections,Primaries and Caucuses,0
digital media,Social Media,0
political systems,Politics and Government,0
elections,Presidential Election of 2024,0
cultural heritage,Fashion and Apparel,0
music,Classical Music,0
cultural heritage,Cooking and Cookbooks,0
cultural heritage,Deaths (Obituaries),0
political systems,Royal Families,0
international relations,Documentary Films and Programs,0
public health,Global Warming,0
market trends,internal-storyline-no,0
elections,Elections,0
elections,United States Politics and Government,0
labor issues,Law and Legislation,0
economic policies,Law and Legislation,0
market trends,Restaurants,0
film,Art,0
labor issues,Restaurants,0
elections,audio-neutral-informative,0
international relations,Defense and Military Forces,0
AI ethics,Artificial Intelligence,0
digital media,Computers and the Internet,0
criminal justice,"Murders, Attempted Murders and Homicides",0
mental health,Books and Literature,0
corporate ethics,AIRLINES AND AIRPLANES,0
policy-making,United States Politics and Government,0
elections,United States Politics and Government,0
international relations,United States International Relations,0
policy-making,Global Warming,0
public health,internal-sub-only-nl,0
performing arts,Dancing,0
elections,Primaries and Caucuses,0
performing arts,Theater,0
law enforcement,Illegal Immigration,0
film,Documentary Films and Programs,0
market trends,United States Economy,0
film,Theater,0
international relations,Illegal Immigration,0
literature,Books and Literature,0
elections,Presidential Election of 2024,0
elections,Presidential Election of 2024,0
performing arts,Content Type: Personal Profile,0
policy-making,Abortion,0
cultural heritage,Cooking and Cookbooks,0
governance,Deaths (Obituaries),0
criminal justice,"Murders, Attempted Murders and Homicides",0
elections,Elections,0
digital media,audio-neutral-informative,0
inequality,United States Economy,0
journalism,Content Type: Personal Profile,0
public safety,Global Warming,0
social justice,Cooking and Cookbooks,0
entrepreneurship,Cooking and Cookbooks,0
public health,Global Warming,0
criminal justice,New York State Criminal Case Against Trump (71543-23),0
performing arts,Content Type: Personal Profile,0
human rights,Deaths (Obituaries),0
policy-making,Computers and the Internet,0
cultural heritage,Movies,0
literature,Deaths (Obituaries),0
policy-making,internal-sub-only-nl,0
international relations,Israel-Gaza War (2023- ),0
literature,Books and Literature,0
music,Classical Music,0
music,Classical Music,0
social justice,Social Media,0
market trends,Artificial Intelligence,0
film,Movies,0
policy-making,Abortion,0
political systems,internal-sub-only-nl,0
elections,Primaries and Caucuses,0
military conflicts,Defense and Military Forces,0
film,Culture (Arts),0
civil rights,Abortion,0
television,Royal Families,0
criminal justice,Decisions and Verdicts,0
international relations,United States International Relations,0
governance,Russian Invasion of Ukraine (2022),0
corporate ethics,AIRLINES AND AIRPLANES,0
elections,internal-paywall-exempt,0
criminal justice,Georgia Criminal Case Against Trump (2020 Election),0
education access,internal-storyline-no,0
military conflicts,Primaries and Caucuses,0
cultural heritage,Travel and Vacations,0
higher education,Colleges and Universities,0
performing arts,Culture (Arts),0
elections,Elections,0
criminal justice,Georgia Criminal Case Against Trump (2020 Election),0
film,Movies,0
visual arts,Art,0
international relations,International Relations,0
performing arts,Dancing,0
performing arts,Dancing,0
policy-making,Global Warming,0
military conflicts,Defense and Military Forces,0
policy-making,Abortion,0
market trends,Restaurants,0
music,Documentary Films and Programs,0
digital media,"Murders, Attempted Murders and Homicides",0
governance,Royal Families,0
elections,Presidential Election of 2024,0
law enforcement,Illegal Immigration,0
economic policies,Law and Legislation,0
market trends,Fashion and Apparel,0
international relations,United States International Relations,0
public safety,AIRLINES AND AIRPLANES,0
music,Culture (Arts),0
education access,Weddings and Engagements,0
criminal justice,"Murders, Attempted Murders and Homicides",0
elections,Elections,0
policy-making,Illegal Immigration,0
public safety,Books and Literature,0
literature,Culture (Arts),0
performing arts,Dancing,0
performing arts,Classical Music,0
K-12,internal-sub-only-nl,0
criminal justice,Primaries and Caucuses,0
governance,Palestinians,0
music,Pop and Rock Music,0
law enforcement,AIRLINES AND AIRPLANES,0
cultural policies,Politics and Government,0
military conflicts,Russian Invasion of Ukraine (2022),0
international relations,International Relations,0
labor issues,"Demonstrations, Protests and Riots",0
elections,Georgia Criminal Case Against Trump (2020 Election),0
literature,Books and Literature,0
elections,Primaries and Caucuses,0
market trends,Real Estate and Housing (Residential),0
political systems,United States International Relations,0
film,Documentary Films and Programs,0
film,Movies,0
inequality,Real Estate and Housing (Residential),0
economic policies,internal-storyline-no,0
market trends,United States Economy,0
elections,Presidential Election of 2024,0
criminal justice,Georgia Criminal Case Against Trump (2020 Election),0
economic policies,United States Economy,0
market trends,United States Economy,0
higher education,Colleges and Universities,0
performing arts,Classical Music,0
international relations,Decisions and Verdicts,0
governance,Decisions and Verdicts,0
performing arts,Theater,0
civil rights,Illegal Immigration,0
elections,Primaries and Caucuses,0
entrepreneurship,Restaurants,0
elections,Elections,0
entrepreneurship,Restaurants,0
cultural heritage,Restaurants,0
criminal justice,New York State Criminal Case Against Trump (71543-23),0
film,Culture (Arts),0
film,Content Type: Personal Profile,0
digital media,Social Media,0
literature,Books and Literature,0
cultural heritage,Cooking and Cookbooks,0
social justice,Weddings and Engagements,0
market trends,Fashion and Apparel,0
cultural policies,Travel and Vacations,0
elections,"Demonstrations, Protests and Riots",0
international law,internal-sub-only-nl,0
cultural policies,Weddings and Engagements,0
entrepreneurship,Travel and Vacations,0
civil rights,"Demonstrations, Protests and Riots",0
curriculum development,internal-paywall-exempt,0
digital media,Fashion and Apparel,0
economic policies,United States International Relations,0
international relations,Deaths (Obituaries),0
elections,Georgia Criminal Case Against Trump (2020 Election),0
military conflicts,Russian Invasion of Ukraine (2022),0
legal reforms,Decisions and Verdicts,0
healthcare systems,Russian Invasion of Ukraine (2022),0
music,Pop and Rock Music,0
literature,Books and Literature,0
market trends,audio-neutral-informative,0
educational policies,Colleges and Universities,0
criminal justice,New York State Criminal Case Against Trump (71543-23),0
market trends,Travel and Vacations,0
military conflicts,Defense and Military Forces,0
visual arts,Art,0
journalism,Royal Families,0
political systems,Politics and Government,0
music,Pop and Rock Music,0
policy-making,AIRLINES AND AIRPLANES,0
cultural heritage,Travel and Vacations,0
human rights,Russian Invasion of Ukraine (2022),0
policy-making,Computers and the Internet,0
performing arts,Theater,0
elections,Abortion,0
elections,internal-storyline-no,0
international relations,International Relations,0
military conflicts,internal-paywall-exempt,0
policy-making,"Demonstrations, Protests and Riots",0
journalism,New York State Criminal Case Against Trump (71543-23),0
television,Culture (Arts),0
elections,internal-paywall-exempt,0
criminal justice,Television,0
governance,Israel-Gaza War (2023- ),0
criminal justice,Decisions and Verdicts,0
film,Dancing,0
inequality,internal-storyline-no,0
performing arts,Theater,0
military conflicts,International Relations,0
innovation,Artificial Intelligence,0
political systems,Law and Legislation,0
performing arts,Dancing,0
music,Pop and Rock Music,0
television,Television,0
criminal justice,United States Politics and Government,0
cultural heritage,Cooking and Cookbooks,0
refugees,Palestinians,0
higher education,Israel-Gaza War (2023- ),0
public health,Royal Families,0
governance,Books and Literature,0
human rights,Weddings and Engagements,0
market trends,Weddings and Engagements,0
film,Movies,0
political systems,audio-neutral-informative,0
elections,Elections,0
music,Pop and Rock Music,0
television,Television,0
entrepreneurship,Real Estate and Housing (Residential),0
civil rights,"Demonstrations, Protests and Riots",0
governance,Weddings and Engagements,0
elections,Television,0
elections,internal-paywall-exempt,0
international relations,Computers and the Internet,0
visual arts,Documentary Films and Programs,0
political systems,Presidential Election of 2024,0
human rights,Palestinians,0
governance,Presidential Election of 2024,0
economic policies,United States Politics and Government,0
military conflicts,Russian Invasion of Ukraine (2022),0
cultural heritage,Restaurants,0
television,Content Type: Personal Profile,0
cultural heritage,Travel and Vacations,0
performing arts,Dancing,0
television,Television,0
international relations,International Relations,0
market trends,International Relations,0
terrorism,Palestinians,0
cultural policies,Culture (Arts),0
corporate ethics,Social Media,0
medical research,your-feed-science,0
public health,Global Warming,0
economic policies,United States Economy,0
epidemiology,your-feed-science,0
labor issues,AIRLINES AND AIRPLANES,0
legal reforms,Illegal Immigration,0
television,Television,0
innovation,Computers and the Internet,0
music,Classical Music,0
political systems,Royal Families,0
higher education,Colleges and Universities,0
military conflicts,Defense and Military Forces,0
performing arts,Dancing,0
elections,Primaries and Caucuses,0
economic policies,internal-sub-only-nl,0
elections,Abortion,0
elections,Presidential Election of 2024,0
political systems,Colleges and Universities,0
international relations,United States International Relations,0
elections,Israel-Gaza War (2023- ),0
innovation,Artificial Intelligence,0
elections,Elections,0
public health,your-feed-science,0
healthcare systems,Documentary Films and Programs,0
innovation,Global Warming,0
cultural heritage,Travel and Vacations,0
market trends,Travel and Vacations,0
television,audio-neutral-informative,0
military conflicts,Russian Invasion of Ukraine (2022),0
market trends,Real Estate and Housing (Residential),0
television,Television,0
corporate ethics,Artificial Intelligence,0
higher education,Colleges and Universities,0
legal reforms,Law and Legislation,0
military conflicts,United States Politics and Government,0
social justice,Content Type: Personal Profile,0
journalism,Russian Invasion of Ukraine (2022),0
music,audio-neutral-informative,0
criminal justice,"Murders, Attempted Murders and Homicides",0
human rights,internal-sub-only-nl,0
public health,Royal Families,0
military conflicts,Israel-Gaza War (2023- ),0
public safety,Weddings and Engagements,0
public safety,Social Media,0
economic policies,Law and Legislation,0
educational policies,Real Estate and Housing (Residential),0
international relations,United States International Relations,0
visual arts,Art,0
governance,Law and Legislation,0
social justice,audio-neutral-informative,0
military conflicts,Israel-Gaza War (2023- ),0
legal reforms,Abortion,0
music,Pop and Rock Music,0
international relations,Art,0
data privacy,Elections,0
military conflicts,Politics and Government,0
film,Fashion and Apparel,0
criminal justice,New York State Criminal Case Against Trump (71543-23),0
music,Pop and Rock Music,0
performing arts,Classical Music,0
film,Movies,0
social justice,Real Estate and Housing (Residential),0
higher education,Weddings and Engagements,0
economic policies,internal-storyline-no,0
performing arts,Theater,0
criminal justice,New York State Criminal Case Against Trump (71543-23),0
medical research,your-feed-science,0
performing arts,Theater,0
elections,Politics and Government,0
criminal justice,"Murders, Attempted Murders and Homicides",0
criminal justice,Georgia Criminal Case Against Trump (2020 Election),0
policy-making,Abortion,0
elections,internal-paywall-exempt,0
elections,Politics and Government,0
policy-making,Illegal Immigration,0
market trends,Fashion and Apparel,0
economic policies,International Relations,0
labor issues,Artificial Intelligence,0
visual arts,Art,0
higher education,Colleges and Universities,0
international relations,Social Media,0
visual arts,Deaths (Obituaries),0
corporate ethics,Computers and the Internet,0
higher education,"Demonstrations, Protests and Riots",0
criminal justice,"Murders, Attempted Murders and Homicides",0
criminal justice,Georgia Criminal Case Against Trump (2020 Election),0
market trends,United States Economy,0
international law,United States International Relations,0
film,Movies,0
music,Social Media,0
governance,Television,0
military conflicts,Israel-Gaza War (2023- ),0
tech regulations,internal-storyline-no,0
cultural heritage,Cooking and Cookbooks,0
corporate ethics,Royal Families,0
television,Deaths (Obituaries),0
elections,internal-paywall-exempt,0
data privacy,your-feed-science,0
military conflicts,Defense and Military Forces,0
elections,Artificial Intelligence,0
criminal justice,New York State Criminal Case Against Trump (71543-23),0
political systems,Colleges and Universities,0
film,Movies,0
public safety,"Murders, Attempted Murders and Homicides",0
journalism,Israel-Gaza War (2023- ),0
elections,United States Politics and Government,0
criminal justice,Decisions and Verdicts,0
medical research,your-feed-science,0
criminal justice,New York State Criminal Case Against Trump (71543-23),0
elections,International Relations,0
policy-making,Global Warming,0
governance,Palestinians,0
military conflicts,Defense and Military Forces,0
tech regulations,Artificial Intelligence,0
visual arts,internal-storyline-no,0
performing arts,Content Type: Personal Profile,0
music,Classical Music,0
public safety,Computers and the Internet,0
visual arts,Fashion and Apparel,0
visual arts,Art,0
social justice,United States Economy,0
visual arts,Real Estate and Housing (Residential),0
journalism,Cooking and Cookbooks,0
performing arts,Theater,0
film,Documentary Films and Programs,0
international relations,Law and Legislation,0
criminal justice,Social Media,0
criminal justice,Georgia Criminal Case Against Trump (2020 Election),0
political systems,audio-neutral-informative,0
elections,United States Politics and Government,0
visual arts,Fashion and Apparel,1
civil rights,Decisions and Verdicts,1
labor issues,internal-sub-only-nl,1
music,Deaths (Obituaries),1
labor issues,"Demonstrations, Protests and Riots",1
public safety,AIRLINES AND AIRPLANES,1
criminal justice,Decisions and Verdicts,1
international relations,Palestinians,1
law enforcement,Illegal Immigration,1
film,Documentary Films and Programs,1
peace processes,Palestinians,1
film,Art,1
military conflicts,Defense and Military Forces,1
law enforcement,AIRLINES AND AIRPLANES,1
military conflicts,internal-paywall-exempt,1
elections,Politics and Government,1
human rights,Palestinians,1
medical research,your-feed-science,1
elections,"Demonstrations, Protests and Riots",1
market trends,Restaurants,1
music,Pop and Rock Music,1
public health,your-feed-science,1
healthcare systems,Politics and Government,1
television,Content Type: Personal Profile,1
innovation,Real Estate and Housing (Residential),1
innovation,Computers and the Internet,1
music,Culture (Arts),1
elections,Primaries and Caucuses,1
digital media,Social Media,1
political systems,Politics and Government,1
elections,Presidential Election of 2024,1
cultural policies,Fashion and Apparel,1
music,Classical Music,1
cultural heritage,Cooking and Cookbooks,1
cultural heritage,Deaths (Obituaries),1
political systems,Royal Families,1
international relations,Documentary Films and Programs,1
public health,Global Warming,1
market trends,internal-storyline-no,1
elections,Elections,1
elections,United States Politics and Government,1
labor issues,Law and Legislation,1
economic policies,Law and Legislation,1
market trends,Restaurants,1
film,Art,1
labor issues,Restaurants,1
elections,audio-neutral-informative,1
international relations,Defense and Military Forces,1
AI ethics,Artificial Intelligence,1
digital media,Computers and the Internet,1
criminal justice,"Murders, Attempted Murders and Homicides",1
mental health,Books and Literature,1
corporate ethics,AIRLINES AND AIRPLANES,1
policy-making,United States Politics and Government,1
elections,United States Politics and Government,1
international relations,United States International Relations,1
policy-making,Global Warming,1
public health,internal-sub-only-nl,1
performing arts,Dancing,1
elections,Primaries and Caucuses,1
performing arts,Theater,1
law enforcement,Illegal Immigration,1
film,Documentary Films and Programs,1
market trends,United States Economy,1
film,Theater,1
international relations,Illegal Immigration,1
literature,Books and Literature,1
elections,Presidential Election of 2024,1
elections,Presidential Election of 2024,1
performing arts,Content Type: Personal Profile,1
policy-making,Abortion,1
cultural heritage,Cooking and Cookbooks,1
political systems,Deaths (Obituaries),1
criminal justice,"Murders, Attempted Murders and Homicides",1
elections,Elections,1
digital media,audio-neutral-informative,1
inequality,United States Economy,1
social justice,Content Type: Personal Profile,1
policy-making,Global Warming,1
social justice,Cooking and Cookbooks,1
entrepreneurship,Cooking and Cookbooks,1
public health,Global Warming,1
criminal justice,New York State Criminal Case Against Trump (71543-23),1
performing arts,Content Type: Personal Profile,1
civil rights,Deaths (Obituaries),1
policy-making,Computers and the Internet,1
cultural heritage,Movies,1
literature,Deaths (Obituaries),1
policy-making,internal-sub-only-nl,1
international relations,Israel-Gaza War (2023- ),1
literature,Books and Literature,1
music,Classical Music,1
music,Classical Music,1
social justice,Social Media,1
market trends,Artificial Intelligence,1
film,Movies,1
legal reforms,Abortion,1
political systems,internal-sub-only-nl,1
elections,Primaries and Caucuses,1
military conflicts,Defense and Military Forces,1
film,Culture (Arts),1
civil rights,Abortion,1
television,Royal Families,1
criminal justice,Decisions and Verdicts,1
international relations,United States International Relations,1
political systems,Russian Invasion of Ukraine (2022),1
corporate ethics,AIRLINES AND AIRPLANES,1
elections,internal-paywall-exempt,1
criminal justice,Georgia Criminal Case Against Trump (2020 Election),1
education access,internal-storyline-no,1
military conflicts,Primaries and Caucuses,1
cultural heritage,Travel and Vacations,1
higher education,Colleges and Universities,1
performing arts,Culture (Arts),1
elections,Elections,1
criminal justice,Georgia Criminal Case Against Trump (2020 Election),1
film,Movies,1
visual arts,Art,1
international relations,International Relations,1
performing arts,Dancing,1
performing arts,Dancing,1
policy-making,Global Warming,1
military conflicts,Defense and Military Forces,1
policy-making,Abortion,1
entrepreneurship,Restaurants,1
music,Documentary Films and Programs,1
digital media,"Murders, Attempted Murders and Homicides",1
governance,Royal Families,1
elections,Presidential Election of 2024,1
law enforcement,Illegal Immigration,1
economic policies,Law and Legislation,1
market trends,Fashion and Apparel,1
international relations,United States International Relations,1
public safety,AIRLINES AND AIRPLANES,1
music,Culture (Arts),1
education access,Weddings and Engagements,1
criminal justice,"Murders, Attempted Murders and Homicides",1
elections,Elections,1
policy-making,Illegal Immigration,1
public safety,Books and Literature,1
literature,Culture (Arts),1
performing arts,Dancing,1
performing arts,Classical Music,1
K-12,internal-sub-only-nl,1
journalism,Primaries and Caucuses,1
governance,Palestinians,1
music,Pop and Rock Music,1
law enforcement,AIRLINES AND AIRPLANES,1
political systems,Politics and Government,1
military conflicts,Russian Invasion of Ukraine (2022),1
international relations,International Relations,1
labor issues,"Demonstrations, Protests and Riots",1
elections,Georgia Criminal Case Against Trump (2020 Election),1
literature,Books and Literature,1
elections,Primaries and Caucuses,1
market trends,Real Estate and Housing (Residential),1
political systems,United States International Relations,1
film,Documentary Films and Programs,1
film,Movies,1
inequality,Real Estate and Housing (Residential),1
economic policies,internal-storyline-no,1
market trends,United States Economy,1
elections,Presidential Election of 2024,1
criminal justice,Georgia Criminal Case Against Trump (2020 Election),1
economic policies,United States Economy,1
market trends,United States Economy,1
higher education,Colleges and Universities,1
performing arts,Classical Music,1
international relations,Decisions and Verdicts,1
governance,Decisions and Verdicts,1
performing arts,Theater,1
refugees,Illegal Immigration,1
elections,Primaries and Caucuses,1
entrepreneurship,Restaurants,1
elections,Elections,1
cultural policies,Restaurants,1
market trends,Restaurants,1
criminal justice,New York State Criminal Case Against Trump (71543-23),1
film,Culture (Arts),1
film,Content Type: Personal Profile,1
digital media,Social Media,1
literature,Books and Literature,1
cultural heritage,Cooking and Cookbooks,1
social justice,Weddings and Engagements,1
visual arts,Fashion and Apparel,1
cultural policies,Travel and Vacations,1
elections,"Demonstrations, Protests and Riots",1
international law,internal-sub-only-nl,1
cultural policies,Weddings and Engagements,1
cultural heritage,Travel and Vacations,1
civil rights,"Demonstrations, Protests and Riots",1
curriculum development,internal-paywall-exempt,1
digital media,Fashion and Apparel,1
economic policies,United States International Relations,1
international relations,Deaths (Obituaries),1
elections,Georgia Criminal Case Against Trump (2020 Election),1
military conflicts,Russian Invasion of Ukraine (2022),1
legal reforms,Decisions and Verdicts,1
healthcare systems,Russian Invasion of Ukraine (2022),1
music,Pop and Rock Music,1
literature,Books and Literature,1
market trends,audio-neutral-informative,1
labor issues,Colleges and Universities,1
criminal justice,New York State Criminal Case Against Trump (71543-23),1
market trends,Travel and Vacations,1
military conflicts,Defense and Military Forces,1
visual arts,Art,1
journalism,Royal Families,1
political systems,Politics and Government,1
music,Pop and Rock Music,1
governance,AIRLINES AND AIRPLANES,1
cultural heritage,Travel and Vacations,1
human rights,Russian Invasion of Ukraine (2022),1
policy-making,Computers and the Internet,1
performing arts,Theater,1
elections,Abortion,1
elections,internal-storyline-no,1
international relations,International Relations,1
curriculum development,internal-paywall-exempt,1
policy-making,"Demonstrations, Protests and Riots",1
journalism,New York State Criminal Case Against Trump (71543-23),1
television,Culture (Arts),1
elections,internal-paywall-exempt,1
criminal justice,Television,1
governance,Israel-Gaza War (2023- ),1
criminal justice,Decisions and Verdicts,1
film,Dancing,1
inequality,internal-storyline-no,1
performing arts,Theater,1
military conflicts,International Relations,1
innovation,Artificial Intelligence,1
political systems,Law and Legislation,1
performing arts,Dancing,1
music,Pop and Rock Music,1
television,Television,1
criminal justice,United States Politics and Government,1
cultural heritage,Cooking and Cookbooks,1
military conflicts,Palestinians,1
higher education,Israel-Gaza War (2023- ),1
public health,Royal Families,1
governance,Books and Literature,1
human rights,Weddings and Engagements,1
market trends,Weddings and Engagements,1
film,Movies,1
political systems,audio-neutral-informative,1
elections,Elections,1
music,Pop and Rock Music,1
television,Television,1
literature,Real Estate and Housing (Residential),1
civil rights,"Demonstrations, Protests and Riots",1
governance,Weddings and Engagements,1
elections,Television,1
elections,internal-paywall-exempt,1
international relations,Computers and the Internet,1
visual arts,Documentary Films and Programs,1
political systems,Presidential Election of 2024,1
international relations,Palestinians,1
governance,Presidential Election of 2024,1
economic policies,United States Politics and Government,1
military conflicts,Russian Invasion of Ukraine (2022),1
cultural heritage,Restaurants,1
television,Content Type: Personal Profile,1
entrepreneurship,Travel and Vacations,1
performing arts,Dancing,1
television,Television,1
international relations,International Relations,1
market trends,International Relations,1
terrorism,Palestinians,1
cultural policies,Culture (Arts),1
corporate ethics,Social Media,1
medical research,your-feed-science,1
public health,Global Warming,1
economic policies,United States Economy,1
epidemiology,your-feed-science,1
labor issues,AIRLINES AND AIRPLANES,1
governance,Illegal Immigration,1
television,Television,1
innovation,Computers and the Internet,1
music,Classical Music,1
political systems,Royal Families,1
higher education,Colleges and Universities,1
military conflicts,Defense and Military Forces,1
performing arts,Dancing,1
elections,Primaries and Caucuses,1
economic policies,internal-sub-only-nl,1
elections,Abortion,1
elections,Presidential Election of 2024,1
political systems,Colleges and Universities,1
international relations,United States International Relations,1
international relations,Israel-Gaza War (2023- ),1
innovation,Artificial Intelligence,1
elections,Elections,1
public health,your-feed-science,1
healthcare systems,Documentary Films and Programs,1
innovation,Global Warming,1
cultural heritage,Travel and Vacations,1
market trends,Travel and Vacations,1
television,audio-neutral-informative,1
military conflicts,Russian Invasion of Ukraine (2022),1
market trends,Real Estate and Housing (Residential),1
television,Television,1
governance,Artificial Intelligence,1
higher education,Colleges and Universities,1
governance,Law and Legislation,1
military conflicts,United States Politics and Government,1
social justice,Content Type: Personal Profile,1
journalism,Russian Invasion of Ukraine (2022),1
music,audio-neutral-informative,1
criminal justice,"Murders, Attempted Murders and Homicides",1
human rights,internal-sub-only-nl,1
public health,Royal Families,1
military conflicts,Israel-Gaza War (2023- ),1
public safety,Weddings and Engagements,1
public safety,Social Media,1
economic policies,Law and Legislation,1
educational policies,Real Estate and Housing (Residential),1
international relations,United States International Relations,1
visual arts,Art,1
governance,Law and Legislation,1
social justice,audio-neutral-informative,1
military conflicts,Israel-Gaza War (2023- ),1
legal reforms,Abortion,1
music,Pop and Rock Music,1
international relations,Art,1
legal reforms,Elections,1
military conflicts,Politics and Government,1
film,Fashion and Apparel,1
criminal justice,New York State Criminal Case Against Trump (71543-23),1
music,Pop and Rock Music,1
music,Classical Music,1
film,Movies,1
social justice,Real Estate and Housing (Residential),1
higher education,Weddings and Engagements,1
economic policies,internal-storyline-no,1
performing arts,Theater,1
criminal justice,New York State Criminal Case Against Trump (71543-23),1
medical research,your-feed-science,1
K-12,Theater,1
military conflicts,Politics and Government,1
criminal justice,"Murders, Attempted Murders and Homicides",1
criminal justice,Georgia Criminal Case Against Trump (2020 Election),1
governance,Abortion,1
elections,internal-paywall-exempt,1
elections,Politics and Government,1
policy-making,Illegal Immigration,1
market trends,Fashion and Apparel,1
economic policies,International Relations,1
labor issues,Artificial Intelligence,1
visual arts,Art,1
higher education,Colleges and Universities,1
international relations,Social Media,1
market trends,Deaths (Obituaries),1
corporate ethics,Computers and the Internet,1
higher education,"Demonstrations, Protests and Riots",1
criminal justice,"Murders, Attempted Murders and Homicides",1
criminal justice,Georgia Criminal Case Against Trump (2020 Election),1
market trends,United States Economy,1
international law,United States International Relations,1
film,Movies,1
AI ethics,Social Media,1
political systems,Television,1
military conflicts,Israel-Gaza War (2023- ),1
tech regulations,internal-storyline-no,1
market trends,Cooking and Cookbooks,1
corporate ethics,Royal Families,1
television,Deaths (Obituaries),1
elections,internal-paywall-exempt,1
data privacy,your-feed-science,1
military conflicts,Defense and Military Forces,1
elections,Artificial Intelligence,1
criminal justice,New York State Criminal Case Against Trump (71543-23),1
political systems,Colleges and Universities,1
film,Movies,1
public safety,"Murders, Attempted Murders and Homicides",1
journalism,Israel-Gaza War (2023- ),1
elections,United States Politics and Government,1
criminal justice,Decisions and Verdicts,1
medical research,your-feed-science,1
criminal justice,New York State Criminal Case Against Trump (71543-23),1
elections,International Relations,1
policy-making,Global Warming,1
governance,Palestinians,1
military conflicts,Defense and Military Forces,1
tech regulations,Artificial Intelligence,1
visual arts,internal-storyline-no,1
performing arts,Content Type: Personal Profile,1
music,Classical Music,1
public safety,Computers and the Internet,1
visual arts,Fashion and Apparel,1
visual arts,Art,1
social justice,United States Economy,1
visual arts,Real Estate and Housing (Residential),1
journalism,Cooking and Cookbooks,1
performing arts,Theater,1
film,Documentary Films and Programs,1
governance,Law and Legislation,1
public safety,Social Media,1
criminal justice,Georgia Criminal Case Against Trump (2020 Election),1
governance,audio-neutral-informative,1
elections,United States Politics and Government,1
visual arts,Fashion and Apparel,2
civil rights,Decisions and Verdicts,2
labor issues,internal-sub-only-nl,2
music,Deaths (Obituaries),2
labor issues,"Demonstrations, Protests and Riots",2
public safety,AIRLINES AND AIRPLANES,2
criminal justice,Decisions and Verdicts,2
international relations,Palestinians,2
law enforcement,Illegal Immigration,2
film,Documentary Films and Programs,2
peace processes,Palestinians,2
film,Art,2
military conflicts,Defense and Military Forces,2
law enforcement,AIRLINES AND AIRPLANES,2
military conflicts,internal-paywall-exempt,2
elections,Politics and Government,2
human rights,Palestinians,2
medical research,your-feed-science,2
elections,"Demonstrations, Protests and Riots",2
market trends,Restaurants,2
music,Pop and Rock Music,2
cultural heritage,your-feed-science,2
healthcare systems,Politics and Government,2
television,Content Type: Personal Profile,2
innovation,Real Estate and Housing (Residential),2
innovation,Computers and the Internet,2
music,Culture (Arts),2
elections,Primaries and Caucuses,2
digital media,Social Media,2
political systems,Politics and Government,2
elections,Presidential Election of 2024,2
cultural policies,Fashion and Apparel,2
music,Classical Music,2
cultural heritage,Cooking and Cookbooks,2
cultural heritage,Deaths (Obituaries),2
political systems,Royal Families,2
international relations,Documentary Films and Programs,2
public health,Global Warming,2
market trends,internal-storyline-no,2
elections,Elections,2
elections,United States Politics and Government,2
labor issues,Law and Legislation,2
economic policies,Law and Legislation,2
market trends,Restaurants,2
film,Art,2
labor issues,Restaurants,2
elections,audio-neutral-informative,2
international relations,Defense and Military Forces,2
AI ethics,Artificial Intelligence,2
digital media,Computers and the Internet,2
criminal justice,"Murders, Attempted Murders and Homicides",2
mental health,Books and Literature,2
corporate ethics,AIRLINES AND AIRPLANES,2
policy-making,United States Politics and Government,2
elections,United States Politics and Government,2
international relations,United States International Relations,2
policy-making,Global Warming,2
public health,internal-sub-only-nl,2
performing arts,Dancing,2
elections,Primaries and Caucuses,2
performing arts,Theater,2
law enforcement,Illegal Immigration,2
film,Documentary Films and Programs,2
market trends,United States Economy,2
film,Theater,2
international relations,Illegal Immigration,2
literature,Books and Literature,2
elections,Presidential Election of 2024,2
elections,Presidential Election of 2024,2
performing arts,Content Type: Personal Profile,2
policy-making,Abortion,2
cultural heritage,Cooking and Cookbooks,2
governance,Deaths (Obituaries),2
criminal justice,"Murders, Attempted Murders and Homicides",2
elections,Elections,2
visual arts,audio-neutral-informative,2
inequality,United States Economy,2
corporate ethics,Content Type: Personal Profile,2
public safety,Global Warming,2
social justice,Cooking and Cookbooks,2
entrepreneurship,Cooking and Cookbooks,2
public health,Global Warming,2
criminal justice,New York State Criminal Case Against Trump (71543-23),2
performing arts,Content Type: Personal Profile,2
civil rights,Deaths (Obituaries),2
policy-making,Computers and the Internet,2
cultural heritage,Movies,2
literature,Deaths (Obituaries),2
policy-making,internal-sub-only-nl,2
international relations,Israel-Gaza War (2023- ),2
literature,Books and Literature,2
music,Classical Music,2
music,Classical Music,2
digital media,Social Media,2
market trends,Artificial Intelligence,2
film,Movies,2
legal reforms,Abortion,2
political systems,internal-sub-only-nl,2
elections,Primaries and Caucuses,2
military conflicts,Defense and Military Forces,2
film,Culture (Arts),2
civil rights,Abortion,2
television,Royal Families,2
criminal justice,Decisions and Verdicts,2
international relations,United States International Relations,2
governance,Russian Invasion of Ukraine (2022),2
corporate ethics,AIRLINES AND AIRPLANES,2
elections,internal-paywall-exempt,2
criminal justice,Georgia Criminal Case Against Trump (2020 Election),2
education access,internal-storyline-no,2
military conflicts,Primaries and Caucuses,2
cultural heritage,Travel and Vacations,2
higher education,Colleges and Universities,2
performing arts,Culture (Arts),2
elections,Elections,2
criminal justice,Georgia Criminal Case Against Trump (2020 Election),2
film,Movies,2
visual arts,Art,2
international relations,International Relations,2
performing arts,Dancing,2
performing arts,Dancing,2
policy-making,Global Warming,2
military conflicts,Defense and Military Forces,2
policy-making,Abortion,2
entrepreneurship,Restaurants,2
music,Documentary Films and Programs,2
digital media,"Murders, Attempted Murders and Homicides",2
governance,Royal Families,2
elections,Presidential Election of 2024,2
law enforcement,Illegal Immigration,2
economic policies,Law and Legislation,2
market trends,Fashion and Apparel,2
international relations,United States International Relations,2
public safety,AIRLINES AND AIRPLANES,2
music,Culture (Arts),2
education access,Weddings and Engagements,2
criminal justice,"Murders, Attempted Murders and Homicides",2
elections,Elections,2
policy-making,Illegal Immigration,2
public safety,Books and Literature,2
literature,Culture (Arts),2
performing arts,Dancing,2
performing arts,Classical Music,2
K-12,internal-sub-only-nl,2
criminal justice,Primaries and Caucuses,2
governance,Palestinians,2
music,Pop and Rock Music,2
law enforcement,AIRLINES AND AIRPLANES,2
criminal justice,Politics and Government,2
military conflicts,Russian Invasion of Ukraine (2022),2
international relations,International Relations,2
labor issues,"Demonstrations, Protests and Riots",2
elections,Georgia Criminal Case Against Trump (2020 Election),2
literature,Books and Literature,2
elections,Primaries and Caucuses,2
market trends,Real Estate and Housing (Residential),2
political systems,United States International Relations,2
film,Documentary Films and Programs,2
film,Movies,2
inequality,Real Estate and Housing (Residential),2
economic policies,internal-storyline-no,2
market trends,United States Economy,2
elections,Presidential Election of 2024,2
criminal justice,Georgia Criminal Case Against Trump (2020 Election),2
economic policies,United States Economy,2
market trends,United States Economy,2
higher education,Colleges and Universities,2
performing arts,Classical Music,2
international relations,Decisions and Verdicts,2
governance,Decisions and Verdicts,2
performing arts,Theater,2
refugees,Illegal Immigration,2
elections,Primaries and Caucuses,2
entrepreneurship,Restaurants,2
elections,Elections,2
entrepreneurship,Restaurants,2
market trends,Restaurants,2
criminal justice,New York State Criminal Case Against Trump (71543-23),2
film,Culture (Arts),2
film,Content Type: Personal Profile,2
digital media,Social Media,2
literature,Books and Literature,2
cultural heritage,Cooking and Cookbooks,2
social justice,Weddings and Engagements,2
visual arts,Fashion and Apparel,2
cultural policies,Travel and Vacations,2
elections,"Demonstrations, Protests and Riots",2
legal reforms,internal-sub-only-nl,2
ERROR_NO_TOPIC,Weddings and Engagements,2
entrepreneurship,Travel and Vacations,2
civil rights,"Demonstrations, Protests and Riots",2
curriculum development,internal-paywall-exempt,2
digital media,Fashion and Apparel,2
economic policies,United States International Relations,2
international relations,Deaths (Obituaries),2
elections,Georgia Criminal Case Against Trump (2020 Election),2
military conflicts,Russian Invasion of Ukraine (2022),2
legal reforms,Decisions and Verdicts,2
healthcare systems,Russian Invasion of Ukraine (2022),2
music,Pop and Rock Music,2
literature,Books and Literature,2
criminal justice,audio-neutral-informative,2
labor issues,Colleges and Universities,2
criminal justice,New York State Criminal Case Against Trump (71543-23),2
market trends,Travel and Vacations,2
military conflicts,Defense and Military Forces,2
visual arts,Art,2
journalism,Royal Families,2
political systems,Politics and Government,2
music,Pop and Rock Music,2
policy-making,AIRLINES AND AIRPLANES,2
cultural heritage,Travel and Vacations,2
human rights,Russian Invasion of Ukraine (2022),2
policy-making,Computers and the Internet,2
performing arts,Theater,2
elections,Abortion,2
elections,internal-storyline-no,2
international relations,International Relations,2
curriculum development,internal-paywall-exempt,2
policy-making,"Demonstrations, Protests and Riots",2
journalism,New York State Criminal Case Against Trump (71543-23),2
television,Culture (Arts),2
elections,internal-paywall-exempt,2
criminal justice,Television,2
governance,Israel-Gaza War (2023- ),2
criminal justice,Decisions and Verdicts,2
film,Dancing,2
inequality,internal-storyline-no,2
performing arts,Theater,2
military conflicts,International Relations,2
innovation,Artificial Intelligence,2
governance,Law and Legislation,2
performing arts,Dancing,2
music,Pop and Rock Music,2
television,Television,2
criminal justice,United States Politics and Government,2
cultural heritage,Cooking and Cookbooks,2
refugees,Palestinians,2
higher education,Israel-Gaza War (2023- ),2
public health,Royal Families,2
governance,Books and Literature,2
human rights,Weddings and Engagements,2
market trends,Weddings and Engagements,2
film,Movies,2
governance,audio-neutral-informative,2
elections,Elections,2
music,Pop and Rock Music,2
television,Television,2
literature,Real Estate and Housing (Residential),2
civil rights,"Demonstrations, Protests and Riots",2
governance,Weddings and Engagements,2
elections,Television,2
elections,internal-paywall-exempt,2
international relations,Computers and the Internet,2
visual arts,Documentary Films and Programs,2
political systems,Presidential Election of 2024,2
international relations,Palestinians,2
governance,Presidential Election of 2024,2
economic policies,United States Politics and Government,2
military conflicts,Russian Invasion of Ukraine (2022),2
cultural heritage,Restaurants,2
television,Content Type: Personal Profile,2
entrepreneurship,Travel and Vacations,2
performing arts,Dancing,2
television,Television,2
international relations,International Relations,2
market trends,International Relations,2
terrorism,Palestinians,2
cultural policies,Culture (Arts),2
corporate ethics,Social Media,2
medical research,your-feed-science,2
public health,Global Warming,2
economic policies,United States Economy,2
epidemiology,your-feed-science,2
labor issues,AIRLINES AND AIRPLANES,2
governance,Illegal Immigration,2
television,Television,2
innovation,Computers and the Internet,2
performing arts,Classical Music,2
political systems,Royal Families,2
higher education,Colleges and Universities,2
military conflicts,Defense and Military Forces,2
performing arts,Dancing,2
elections,Primaries and Caucuses,2
economic policies,internal-sub-only-nl,2
elections,Abortion,2
elections,Presidential Election of 2024,2
political systems,Colleges and Universities,2
international relations,United States International Relations,2
elections,Israel-Gaza War (2023- ),2
innovation,Artificial Intelligence,2
elections,Elections,2
public health,your-feed-science,2
healthcare systems,Documentary Films and Programs,2
innovation,Global Warming,2
cultural heritage,Travel and Vacations,2
market trends,Travel and Vacations,2
television,audio-neutral-informative,2
military conflicts,Russian Invasion of Ukraine (2022),2
market trends,Real Estate and Housing (Residential),2
television,Television,2
governance,Artificial Intelligence,2
higher education,Colleges and Universities,2
legal reforms,Law and Legislation,2
international relations,United States Politics and Government,2
social justice,Content Type: Personal Profile,2
journalism,Russian Invasion of Ukraine (2022),2
music,audio-neutral-informative,2
criminal justice,"Murders, Attempted Murders and Homicides",2
international law,internal-sub-only-nl,2
public health,Royal Families,2
military conflicts,Israel-Gaza War (2023- ),2
public safety,Weddings and Engagements,2
public safety,Social Media,2
legal reforms,Law and Legislation,2
educational policies,Real Estate and Housing (Residential),2
international relations,United States International Relations,2
visual arts,Art,2
policy-making,Law and Legislation,2
social justice,audio-neutral-informative,2
military conflicts,Israel-Gaza War (2023- ),2
legal reforms,Abortion,2
music,Pop and Rock Music,2
international relations,Art,2
governance,Elections,2
military conflicts,Politics and Government,2
film,Fashion and Apparel,2
criminal justice,New York State Criminal Case Against Trump (71543-23),2
music,Pop and Rock Music,2
performing arts,Classical Music,2
film,Movies,2
social justice,Real Estate and Housing (Residential),2
higher education,Weddings and Engagements,2
economic policies,internal-storyline-no,2
performing arts,Theater,2
corporate ethics,New York State Criminal Case Against Trump (71543-23),2
medical research,your-feed-science,2
performing arts,Theater,2
military conflicts,Politics and Government,2
criminal justice,"Murders, Attempted Murders and Homicides",2
criminal justice,Georgia Criminal Case Against Trump (2020 Election),2
governance,Abortion,2
elections,internal-paywall-exempt,2
elections,Politics and Government,2
policy-making,Illegal Immigration,2
market trends,Fashion and Apparel,2
economic policies,International Relations,2
labor issues,Artificial Intelligence,2
visual arts,Art,2
higher education,Colleges and Universities,2
international relations,Social Media,2
market trends,Deaths (Obituaries),2
civil rights,Computers and the Internet,2
higher education,"Demonstrations, Protests and Riots",2
criminal justice,"Murders, Attempted Murders and Homicides",2
criminal justice,Georgia Criminal Case Against Trump (2020 Election),2
market trends,United States Economy,2
international law,United States International Relations,2
film,Movies,2
digital media,Social Media,2
political systems,Television,2
military conflicts,Israel-Gaza War (2023- ),2
tech regulations,internal-storyline-no,2
cultural heritage,Cooking and Cookbooks,2
corporate ethics,Royal Families,2
television,Deaths (Obituaries),2
elections,internal-paywall-exempt,2
data privacy,your-feed-science,2
military conflicts,Defense and Military Forces,2
elections,Artificial Intelligence,2
criminal justice,New York State Criminal Case Against Trump (71543-23),2
political systems,Colleges and Universities,2
film,Movies,2
public safety,"Murders, Attempted Murders and Homicides",2
journalism,Israel-Gaza War (2023- ),2
elections,United States Politics and Government,2
criminal justice,Decisions and Verdicts,2
medical research,your-feed-science,2
criminal justice,New York State Criminal Case Against Trump (71543-23),2
international relations,International Relations,2
policy-making,Global Warming,2
military conflicts,Palestinians,2
military conflicts,Defense and Military Forces,2
tech regulations,Artificial Intelligence,2
visual arts,internal-storyline-no,2
performing arts,Content Type: Personal Profile,2
music,Classical Music,2
public safety,Computers and the Internet,2
visual arts,Fashion and Apparel,2
visual arts,Art,2
social justice,United States Economy,2
visual arts,Real Estate and Housing (Residential),2
journalism,Cooking and Cookbooks,2
performing arts,Theater,2
film,Documentary Films and Programs,2
governance,Law and Legislation,2
human rights,Social Media,2
criminal justice,Georgia Criminal Case Against Trump (2020 Election),2
governance,audio-neutral-informative,2
elections,United States Politics and Government,2
visual arts,Fashion and Apparel,3
civil rights,Decisions and Verdicts,3
labor issues,internal-sub-only-nl,3
music,Deaths (Obituaries),3
labor issues,"Demonstrations, Protests and Riots",3
public safety,AIRLINES AND AIRPLANES,3
criminal justice,Decisions and Verdicts,3
international law,Palestinians,3
law enforcement,Illegal Immigration,3
film,Documentary Films and Programs,3
peace processes,Palestinians,3
film,Art,3
military conflicts,Defense and Military Forces,3
public safety,AIRLINES AND AIRPLANES,3
military conflicts,internal-paywall-exempt,3
elections,Politics and Government,3
human rights,Palestinians,3
medical research,your-feed-science,3
elections,"Demonstrations, Protests and Riots",3
market trends,Restaurants,3
music,Pop and Rock Music,3
cultural heritage,your-feed-science,3
healthcare systems,Politics and Government,3
television,Content Type: Personal Profile,3
innovation,Real Estate and Housing (Residential),3
digital media,Computers and the Internet,3
music,Culture (Arts),3
elections,Primaries and Caucuses,3
digital media,Social Media,3
political systems,Politics and Government,3
elections,Presidential Election of 2024,3
cultural heritage,Fashion and Apparel,3
music,Classical Music,3
cultural heritage,Cooking and Cookbooks,3
cultural heritage,Deaths (Obituaries),3
political systems,Royal Families,3
international relations,Documentary Films and Programs,3
public health,Global Warming,3
market trends,internal-storyline-no,3
elections,Elections,3
elections,United States Politics and Government,3
labor issues,Law and Legislation,3
economic policies,Law and Legislation,3
market trends,Restaurants,3
film,Art,3
labor issues,Restaurants,3
elections,audio-neutral-informative,3
international relations,Defense and Military Forces,3
AI ethics,Artificial Intelligence,3
digital media,Computers and the Internet,3
criminal justice,"Murders, Attempted Murders and Homicides",3
mental health,Books and Literature,3
corporate ethics,AIRLINES AND AIRPLANES,3
policy-making,United States Politics and Government,3
elections,United States Politics and Government,3
international relations,United States International Relations,3
policy-making,Global Warming,3
public health,internal-sub-only-nl,3
performing arts,Dancing,3
elections,Primaries and Caucuses,3
performing arts,Theater,3
law enforcement,Illegal Immigration,3
film,Documentary Films and Programs,3
market trends,United States Economy,3
film,Theater,3
international relations,Illegal Immigration,3
literature,Books and Literature,3
elections,Presidential Election of 2024,3
elections,Presidential Election of 2024,3
performing arts,Content Type: Personal Profile,3
policy-making,Abortion,3
cultural heritage,Cooking and Cookbooks,3
governance,Deaths (Obituaries),3
criminal justice,"Murders, Attempted Murders and Homicides",3
elections,Elections,3
visual arts,audio-neutral-informative,3
inequality,United States Economy,3
social justice,Content Type: Personal Profile,3
public safety,Global Warming,3
social justice,Cooking and Cookbooks,3
entrepreneurship,Cooking and Cookbooks,3
public health,Global Warming,3
criminal justice,New York State Criminal Case Against Trump (71543-23),3
performing arts,Content Type: Personal Profile,3
legal reforms,Deaths (Obituaries),3
policy-making,Computers and the Internet,3
cultural heritage,Movies,3
literature,Deaths (Obituaries),3
policy-making,internal-sub-only-nl,3
international relations,Israel-Gaza War (2023- ),3
literature,Books and Literature,3
music,Classical Music,3
music,Classical Music,3
social justice,Social Media,3
market trends,Artificial Intelligence,3
film,Movies,3
social justice,Abortion,3
political systems,internal-sub-only-nl,3
elections,Primaries and Caucuses,3
military conflicts,Defense and Military Forces,3
film,Culture (Arts),3
civil rights,Abortion,3
television,Royal Families,3
criminal justice,Decisions and Verdicts,3
international relations,United States International Relations,3
governance,Russian Invasion of Ukraine (2022),3
corporate ethics,AIRLINES AND AIRPLANES,3
elections,internal-paywall-exempt,3
criminal justice,Georgia Criminal Case Against Trump (2020 Election),3
education access,internal-storyline-no,3
military conflicts,Primaries and Caucuses,3
cultural heritage,Travel and Vacations,3
higher education,Colleges and Universities,3
performing arts,Culture (Arts),3
elections,Elections,3
criminal justice,Georgia Criminal Case Against Trump (2020 Election),3
film,Movies,3
visual arts,Art,3
international relations,International Relations,3
performing arts,Dancing,3
performing arts,Dancing,3
policy-making,Global Warming,3
military conflicts,Defense and Military Forces,3
policy-making,Abortion,3
entrepreneurship,Restaurants,3
music,Documentary Films and Programs,3
digital media,"Murders, Attempted Murders and Homicides",3
political systems,Royal Families,3
elections,Presidential Election of 2024,3
law enforcement,Illegal Immigration,3
economic policies,Law and Legislation,3
market trends,Fashion and Apparel,3
international relations,United States International Relations,3
public safety,AIRLINES AND AIRPLANES,3
music,Culture (Arts),3
education access,Weddings and Engagements,3
criminal justice,"Murders, Attempted Murders and Homicides",3
elections,Elections,3
policy-making,Illegal Immigration,3
public safety,Books and Literature,3
literature,Culture (Arts),3
performing arts,Dancing,3
performing arts,Classical Music,3
K-12,internal-sub-only-nl,3
criminal justice,Primaries and Caucuses,3
governance,Palestinians,3
music,Pop and Rock Music,3
public safety,AIRLINES AND AIRPLANES,3
public safety,Politics and Government,3
military conflicts,Russian Invasion of Ukraine (2022),3
international relations,International Relations,3
labor issues,"Demonstrations, Protests and Riots",3
elections,Georgia Criminal Case Against Trump (2020 Election),3
literature,Books and Literature,3
elections,Primaries and Caucuses,3
market trends,Real Estate and Housing (Residential),3
political systems,United States International Relations,3
television,Documentary Films and Programs,3
film,Movies,3
inequality,Real Estate and Housing (Residential),3
economic policies,internal-storyline-no,3
market trends,United States Economy,3
elections,Presidential Election of 2024,3
criminal justice,Georgia Criminal Case Against Trump (2020 Election),3
economic policies,United States Economy,3
market trends,United States Economy,3
higher education,Colleges and Universities,3
performing arts,Classical Music,3
international relations,Decisions and Verdicts,3
governance,Decisions and Verdicts,3
performing arts,Theater,3
refugees,Illegal Immigration,3
elections,Primaries and Caucuses,3
entrepreneurship,Restaurants,3
elections,Elections,3
cultural policies,Restaurants,3
cultural heritage,Restaurants,3
criminal justice,New York State Criminal Case Against Trump (71543-23),3
film,Culture (Arts),3
film,Content Type: Personal Profile,3
digital media,Social Media,3
literature,Books and Literature,3
cultural heritage,Cooking and Cookbooks,3
social justice,Weddings and Engagements,3
market trends,Fashion and Apparel,3
cultural policies,Travel and Vacations,3
elections,"Demonstrations, Protests and Riots",3
literature,internal-sub-only-nl,3
cultural policies,Weddings and Engagements,3
entrepreneurship,Travel and Vacations,3
civil rights,"Demonstrations, Protests and Riots",3
international relations,internal-paywall-exempt,3
digital media,Fashion and Apparel,3
economic policies,United States International Relations,3
international relations,Deaths (Obituaries),3
elections,Georgia Criminal Case Against Trump (2020 Election),3
military conflicts,Russian Invasion of Ukraine (2022),3
legal reforms,Decisions and Verdicts,3
healthcare systems,Russian Invasion of Ukraine (2022),3
music,Pop and Rock Music,3
literature,Books and Literature,3
market trends,audio-neutral-informative,3
labor issues,Colleges and Universities,3
criminal justice,New York State Criminal Case Against Trump (71543-23),3
market trends,Travel and Vacations,3
military conflicts,Defense and Military Forces,3
visual arts,Art,3
journalism,Royal Families,3
political systems,Politics and Government,3
music,Pop and Rock Music,3
policy-making,AIRLINES AND AIRPLANES,3
cultural heritage,Travel and Vacations,3
human rights,Russian Invasion of Ukraine (2022),3
policy-making,Computers and the Internet,3
performing arts,Theater,3
elections,Abortion,3
elections,internal-storyline-no,3
international relations,International Relations,3
international relations,internal-paywall-exempt,3
policy-making,"Demonstrations, Protests and Riots",3
journalism,New York State Criminal Case Against Trump (71543-23),3
television,Culture (Arts),3
elections,internal-paywall-exempt,3
criminal justice,Television,3
civil rights,Israel-Gaza War (2023- ),3
criminal justice,Decisions and Verdicts,3
film,Dancing,3
inequality,internal-storyline-no,3
performing arts,Theater,3
military conflicts,International Relations,3
innovation,Artificial Intelligence,3
political systems,Law and Legislation,3
performing arts,Dancing,3
performing arts,Pop and Rock Music,3
television,Television,3
criminal justice,United States Politics and Government,3
cultural heritage,Cooking and Cookbooks,3
refugees,Palestinians,3
higher education,Israel-Gaza War (2023- ),3
public health,Royal Families,3
governance,Books and Literature,3
human rights,Weddings and Engagements,3
market trends,Weddings and Engagements,3
film,Movies,3
political systems,audio-neutral-informative,3
elections,Elections,3
music,Pop and Rock Music,3
television,Television,3
literature,Real Estate and Housing (Residential),3
civil rights,"Demonstrations, Protests and Riots",3
governance,Weddings and Engagements,3
elections,Television,3
elections,internal-paywall-exempt,3
international relations,Computers and the Internet,3
visual arts,Documentary Films and Programs,3
political systems,Presidential Election of 2024,3
international relations,Palestinians,3
governance,Presidential Election of 2024,3
economic policies,United States Politics and Government,3
military conflicts,Russian Invasion of Ukraine (2022),3
cultural heritage,Restaurants,3
television,Content Type: Personal Profile,3
entrepreneurship,Travel and Vacations,3
performing arts,Dancing,3
television,Television,3
international relations,International Relations,3
market trends,International Relations,3
terrorism,Palestinians,3
cultural policies,Culture (Arts),3
corporate ethics,Social Media,3
medical research,your-feed-science,3
public health,Global Warming,3
economic policies,United States Economy,3
epidemiology,your-feed-science,3
labor issues,AIRLINES AND AIRPLANES,3
governance,Illegal Immigration,3
television,Television,3
innovation,Computers and the Internet,3
music,Classical Music,3
political systems,Royal Families,3
higher education,Colleges and Universities,3
military conflicts,Defense and Military Forces,3
performing arts,Dancing,3
elections,Primaries and Caucuses,3
economic policies,internal-sub-only-nl,3
elections,Abortion,3
elections,Presidential Election of 2024,3
political systems,Colleges and Universities,3
international relations,United States International Relations,3
elections,Israel-Gaza War (2023- ),3
innovation,Artificial Intelligence,3
elections,Elections,3
public health,your-feed-science,3
healthcare systems,Documentary Films and Programs,3
innovation,Global Warming,3
cultural heritage,Travel and Vacations,3
market trends,Travel and Vacations,3
television,audio-neutral-informative,3
military conflicts,Russian Invasion of Ukraine (2022),3
market trends,Real Estate and Housing (Residential),3
television,Television,3
governance,Artificial Intelligence,3
higher education,Colleges and Universities,3
legal reforms,Law and Legislation,3
military conflicts,United States Politics and Government,3
social justice,Content Type: Personal Profile,3
journalism,Russian Invasion of Ukraine (2022),3
music,audio-neutral-informative,3
criminal justice,"Murders, Attempted Murders and Homicides",3
human rights,internal-sub-only-nl,3
public health,Royal Families,3
military conflicts,Israel-Gaza War (2023- ),3
public safety,Weddings and Engagements,3
public safety,Social Media,3
legal reforms,Law and Legislation,3
educational policies,Real Estate and Housing (Residential),3
international relations,United States International Relations,3
visual arts,Art,3
governance,Law and Legislation,3
social justice,audio-neutral-informative,3
military conflicts,Israel-Gaza War (2023- ),3
legal reforms,Abortion,3
music,Pop and Rock Music,3
international relations,Art,3
legal reforms,Elections,3
military conflicts,Politics and Government,3
film,Fashion and Apparel,3
criminal justice,New York State Criminal Case Against Trump (71543-23),3
music,Pop and Rock Music,3
performing arts,Classical Music,3
film,Movies,3
social justice,Real Estate and Housing (Residential),3
higher education,Weddings and Engagements,3
economic policies,internal-storyline-no,3
performing arts,Theater,3
corporate ethics,New York State Criminal Case Against Trump (71543-23),3
medical research,your-feed-science,3
K-12,Theater,3
elections,Politics and Government,3
criminal justice,"Murders, Attempted Murders and Homicides",3
criminal justice,Georgia Criminal Case Against Trump (2020 Election),3
governance,Abortion,3
elections,internal-paywall-exempt,3
elections,Politics and Government,3
policy-making,Illegal Immigration,3
market trends,Fashion and Apparel,3
economic policies,International Relations,3
labor issues,Artificial Intelligence,3
visual arts,Art,3
higher education,Colleges and Universities,3
international relations,Social Media,3
visual arts,Deaths (Obituaries),3
corporate ethics,Computers and the Internet,3
higher education,"Demonstrations, Protests and Riots",3
criminal justice,"Murders, Attempted Murders and Homicides",3
criminal justice,Georgia Criminal Case Against Trump (2020 Election),3
market trends,United States Economy,3
international law,United States International Relations,3
film,Movies,3
digital media,Social Media,3
political systems,Television,3
military conflicts,Israel-Gaza War (2023- ),3
tech regulations,internal-storyline-no,3
cultural heritage,Cooking and Cookbooks,3
corporate ethics,Royal Families,3
television,Deaths (Obituaries),3
elections,internal-paywall-exempt,3
data privacy,your-feed-science,3
military conflicts,Defense and Military Forces,3
elections,Artificial Intelligence,3
criminal justice,New York State Criminal Case Against Trump (71543-23),3
governance,Colleges and Universities,3
film,Movies,3
public safety,"Murders, Attempted Murders and Homicides",3
journalism,Israel-Gaza War (2023- ),3
elections,United States Politics and Government,3
criminal justice,Decisions and Verdicts,3
medical research,your-feed-science,3
political systems,New York State Criminal Case Against Trump (71543-23),3
elections,International Relations,3
policy-making,Global Warming,3
governance,Palestinians,3
military conflicts,Defense and Military Forces,3
tech regulations,Artificial Intelligence,3
visual arts,internal-storyline-no,3
performing arts,Content Type: Personal Profile,3
music,Classical Music,3
public safety,Computers and the Internet,3
visual arts,Fashion and Apparel,3
visual arts,Art,3
social justice,United States Economy,3
visual arts,Real Estate and Housing (Residential),3
journalism,Cooking and Cookbooks,3
performing arts,Theater,3
film,Documentary Films and Programs,3
governance,Law and Legislation,3
public safety,Social Media,3
criminal justice,Georgia Criminal Case Against Trump (2020 Election),3
international relations,audio-neutral-informative,3
elections,United States Politics and Government,3
visual arts,Fashion and Apparel,4
civil rights,Decisions and Verdicts,4
labor issues,internal-sub-only-nl,4
music,Deaths (Obituaries),4
labor issues,"Demonstrations, Protests and Riots",4
public safety,AIRLINES AND AIRPLANES,4
criminal justice,Decisions and Verdicts,4
international relations,Palestinians,4
law enforcement,Illegal Immigration,4
film,Documentary Films and Programs,4
peace processes,Palestinians,4
film,Art,4
military conflicts,Defense and Military Forces,4
law enforcement,AIRLINES AND AIRPLANES,4
military conflicts,internal-paywall-exempt,4
elections,Politics and Government,4
human rights,Palestinians,4
medical research,your-feed-science,4
elections,"Demonstrations, Protests and Riots",4
market trends,Restaurants,4
music,Pop and Rock Music,4
cultural heritage,your-feed-science,4
healthcare systems,Politics and Government,4
television,Content Type: Personal Profile,4
innovation,Real Estate and Housing (Residential),4
digital media,Computers and the Internet,4
music,Culture (Arts),4
elections,Primaries and Caucuses,4
digital media,Social Media,4
political systems,Politics and Government,4
elections,Presidential Election of 2024,4
cultural policies,Fashion and Apparel,4
music,Classical Music,4
cultural heritage,Cooking and Cookbooks,4
cultural heritage,Deaths (Obituaries),4
political systems,Royal Families,4
international relations,Documentary Films and Programs,4
public health,Global Warming,4
market trends,internal-storyline-no,4
elections,Elections,4
elections,United States Politics and Government,4
labor issues,Law and Legislation,4
economic policies,Law and Legislation,4
market trends,Restaurants,4
film,Art,4
labor issues,Restaurants,4
elections,audio-neutral-informative,4
international relations,Defense and Military Forces,4
AI ethics,Artificial Intelligence,4
digital media,Computers and the Internet,4
criminal justice,"Murders, Attempted Murders and Homicides",4
mental health,Books and Literature,4
corporate ethics,AIRLINES AND AIRPLANES,4
policy-making,United States Politics and Government,4
elections,United States Politics and Government,4
international relations,United States International Relations,4
policy-making,Global Warming,4
public health,internal-sub-only-nl,4
performing arts,Dancing,4
elections,Primaries and Caucuses,4
performing arts,Theater,4
law enforcement,Illegal Immigration,4
film,Documentary Films and Programs,4
market trends,United States Economy,4
film,Theater,4
international relations,Illegal Immigration,4
literature,Books and Literature,4
elections,Presidential Election of 2024,4
elections,Presidential Election of 2024,4
performing arts,Content Type: Personal Profile,4
legal reforms,Abortion,4
cultural heritage,Cooking and Cookbooks,4
governance,Deaths (Obituaries),4
criminal justice,"Murders, Attempted Murders and Homicides",4
elections,Elections,4
visual arts,audio-neutral-informative,4
inequality,United States Economy,4
social justice,Content Type: Personal Profile,4
policy-making,Global Warming,4
social justice,Cooking and Cookbooks,4
entrepreneurship,Cooking and Cookbooks,4
public health,Global Warming,4
criminal justice,New York State Criminal Case Against Trump (71543-23),4
performing arts,Content Type: Personal Profile,4
civil rights,Deaths (Obituaries),4
policy-making,Computers and the Internet,4
cultural heritage,Movies,4
literature,Deaths (Obituaries),4
policy-making,internal-sub-only-nl,4
international relations,Israel-Gaza War (2023- ),4
literature,Books and Literature,4
music,Classical Music,4
music,Classical Music,4
digital media,Social Media,4
market trends,Artificial Intelligence,4
film,Movies,4
legal reforms,Abortion,4
political systems,internal-sub-only-nl,4
elections,Primaries and Caucuses,4
military conflicts,Defense and Military Forces,4
film,Culture (Arts),4
policy-making,Abortion,4
television,Royal Families,4
criminal justice,Decisions and Verdicts,4
international relations,United States International Relations,4
governance,Russian Invasion of Ukraine (2022),4
corporate ethics,AIRLINES AND AIRPLANES,4
elections,internal-paywall-exempt,4
criminal justice,Georgia Criminal Case Against Trump (2020 Election),4
education access,internal-storyline-no,4
military conflicts,Primaries and Caucuses,4
cultural heritage,Travel and Vacations,4
higher education,Colleges and Universities,4
performing arts,Culture (Arts),4
elections,Elections,4
criminal justice,Georgia Criminal Case Against Trump (2020 Election),4
film,Movies,4
visual arts,Art,4
international relations,International Relations,4
performing arts,Dancing,4
performing arts,Dancing,4
policy-making,Global Warming,4
military conflicts,Defense and Military Forces,4
policy-making,Abortion,4
entrepreneurship,Restaurants,4
music,Documentary Films and Programs,4
digital media,"Murders, Attempted Murders and Homicides",4
political systems,Royal Families,4
elections,Presidential Election of 2024,4
law enforcement,Illegal Immigration,4
economic policies,Law and Legislation,4
market trends,Fashion and Apparel,4
international relations,United States International Relations,4
public safety,AIRLINES AND AIRPLANES,4
music,Culture (Arts),4
education access,Weddings and Engagements,4
criminal justice,"Murders, Attempted Murders and Homicides",4
elections,Elections,4
policy-making,Illegal Immigration,4
public safety,Books and Literature,4
literature,Culture (Arts),4
performing arts,Dancing,4
performing arts,Classical Music,4
K-12,internal-sub-only-nl,4
criminal justice,Primaries and Caucuses,4
governance,Palestinians,4
music,Pop and Rock Music,4
public safety,AIRLINES AND AIRPLANES,4
political systems,Politics and Government,4
military conflicts,Russian Invasion of Ukraine (2022),4
international relations,International Relations,4
labor issues,"Demonstrations, Protests and Riots",4
elections,Georgia Criminal Case Against Trump (2020 Election),4
literature,Books and Literature,4
elections,Primaries and Caucuses,4
market trends,Real Estate and Housing (Residential),4
political systems,United States International Relations,4
television,Documentary Films and Programs,4
film,Movies,4
inequality,Real Estate and Housing (Residential),4
economic policies,internal-storyline-no,4
market trends,United States Economy,4
elections,Presidential Election of 2024,4
criminal justice,Georgia Criminal Case Against Trump (2020 Election),4
economic policies,United States Economy,4
market trends,United States Economy,4
higher education,Colleges and Universities,4
performing arts,Classical Music,4
international relations,Decisions and Verdicts,4
governance,Decisions and Verdicts,4
performing arts,Theater,4
refugees,Illegal Immigration,4
elections,Primaries and Caucuses,4
entrepreneurship,Restaurants,4
elections,Elections,4
entrepreneurship,Restaurants,4
market trends,Restaurants,4
criminal justice,New York State Criminal Case Against Trump (71543-23),4
film,Culture (Arts),4
film,Content Type: Personal Profile,4
digital media,Social Media,4
literature,Books and Literature,4
entrepreneurship,Cooking and Cookbooks,4
social justice,Weddings and Engagements,4
visual arts,Fashion and Apparel,4
cultural policies,Travel and Vacations,4
elections,"Demonstrations, Protests and Riots",4
international law,internal-sub-only-nl,4
social justice,Weddings and Engagements,4
entrepreneurship,Travel and Vacations,4
civil rights,"Demonstrations, Protests and Riots",4
international relations,internal-paywall-exempt,4
digital media,Fashion and Apparel,4
economic policies,United States International Relations,4
international relations,Deaths (Obituaries),4
elections,Georgia Criminal Case Against Trump (2020 Election),4
military conflicts,Russian Invasion of Ukraine (2022),4
legal reforms,Decisions and Verdicts,4
healthcare systems,Russian Invasion of Ukraine (2022),4
music,Pop and Rock Music,4
literature,Books and Literature,4
market trends,audio-neutral-informative,4
labor issues,Colleges and Universities,4
criminal justice,New York State Criminal Case Against Trump (71543-23),4
market trends,Travel and Vacations,4
military conflicts,Defense and Military Forces,4
visual arts,Art,4
journalism,Royal Families,4
political systems,Politics and Government,4
music,Pop and Rock Music,4
journalism,AIRLINES AND AIRPLANES,4
cultural heritage,Travel and Vacations,4
human rights,Russian Invasion of Ukraine (2022),4
policy-making,Computers and the Internet,4
performing arts,Theater,4
elections,Abortion,4
elections,internal-storyline-no,4
international relations,International Relations,4
international relations,internal-paywall-exempt,4
policy-making,"Demonstrations, Protests and Riots",4
journalism,New York State Criminal Case Against Trump (71543-23),4
television,Culture (Arts),4
elections,internal-paywall-exempt,4
criminal justice,Television,4
civil rights,Israel-Gaza War (2023- ),4
criminal justice,Decisions and Verdicts,4
film,Dancing,4
inequality,internal-storyline-no,4
performing arts,Theater,4
military conflicts,International Relations,4
innovation,Artificial Intelligence,4
governance,Law and Legislation,4
performing arts,Dancing,4
performing arts,Pop and Rock Music,4
television,Television,4
criminal justice,United States Politics and Government,4
cultural heritage,Cooking and Cookbooks,4
refugees,Palestinians,4
higher education,Israel-Gaza War (2023- ),4
public health,Royal Families,4
governance,Books and Literature,4
human rights,Weddings and Engagements,4
market trends,Weddings and Engagements,4
film,Movies,4
political systems,audio-neutral-informative,4
elections,Elections,4
music,Pop and Rock Music,4
television,Television,4
literature,Real Estate and Housing (Residential),4
civil rights,"Demonstrations, Protests and Riots",4
governance,Weddings and Engagements,4
elections,Television,4
elections,internal-paywall-exempt,4
international relations,Computers and the Internet,4
visual arts,Documentary Films and Programs,4
political systems,Presidential Election of 2024,4
international relations,Palestinians,4
governance,Presidential Election of 2024,4
economic policies,United States Politics and Government,4
military conflicts,Russian Invasion of Ukraine (2022),4
cultural heritage,Restaurants,4
television,Content Type: Personal Profile,4
entrepreneurship,Travel and Vacations,4
performing arts,Dancing,4
television,Television,4
international relations,International Relations,4
market trends,International Relations,4
terrorism,Palestinians,4
cultural policies,Culture (Arts),4
corporate ethics,Social Media,4
medical research,your-feed-science,4
public health,Global Warming,4
economic policies,United States Economy,4
epidemiology,your-feed-science,4
labor issues,AIRLINES AND AIRPLANES,4
governance,Illegal Immigration,4
television,Television,4
innovation,Computers and the Internet,4
music,Classical Music,4
political systems,Royal Families,4
higher education,Colleges and Universities,4
military conflicts,Defense and Military Forces,4
performing arts,Dancing,4
elections,Primaries and Caucuses,4
economic policies,internal-sub-only-nl,4
elections,Abortion,4
elections,Presidential Election of 2024,4
political systems,Colleges and Universities,4
international relations,United States International Relations,4
international relations,Israel-Gaza War (2023- ),4
innovation,Artificial Intelligence,4
elections,Elections,4
public health,your-feed-science,4
mental health,Documentary Films and Programs,4
innovation,Global Warming,4
cultural heritage,Travel and Vacations,4
market trends,Travel and Vacations,4
television,audio-neutral-informative,4
military conflicts,Russian Invasion of Ukraine (2022),4
market trends,Real Estate and Housing (Residential),4
television,Television,4
governance,Artificial Intelligence,4
higher education,Colleges and Universities,4
governance,Law and Legislation,4
military conflicts,United States Politics and Government,4
social justice,Content Type: Personal Profile,4
journalism,Russian Invasion of Ukraine (2022),4
music,audio-neutral-informative,4
criminal justice,"Murders, Attempted Murders and Homicides",4
human rights,internal-sub-only-nl,4
public health,Royal Families,4
military conflicts,Israel-Gaza War (2023- ),4
public safety,Weddings and Engagements,4
public safety,Social Media,4
economic policies,Law and Legislation,4
educational policies,Real Estate and Housing (Residential),4
international relations,United States International Relations,4
visual arts,Art,4
governance,Law and Legislation,4
social justice,audio-neutral-informative,4
military conflicts,Israel-Gaza War (2023- ),4
legal reforms,Abortion,4
music,Pop and Rock Music,4
international relations,Art,4
international law,Elections,4
military conflicts,Politics and Government,4
film,Fashion and Apparel,4
criminal justice,New York State Criminal Case Against Trump (71543-23),4
music,Pop and Rock Music,4
performing arts,Classical Music,4
film,Movies,4
social justice,Real Estate and Housing (Residential),4
higher education,Weddings and Engagements,4
economic policies,internal-storyline-no,4
performing arts,Theater,4
criminal justice,New York State Criminal Case Against Trump (71543-23),4
medical research,your-feed-science,4
performing arts,Theater,4
war causes,Politics and Government,4
criminal justice,"Murders, Attempted Murders and Homicides",4
criminal justice,Georgia Criminal Case Against Trump (2020 Election),4
policy-making,Abortion,4
elections,internal-paywall-exempt,4
elections,Politics and Government,4
policy-making,Illegal Immigration,4
market trends,Fashion and Apparel,4
economic policies,International Relations,4
labor issues,Artificial Intelligence,4
visual arts,Art,4
higher education,Colleges and Universities,4
international relations,Social Media,4
market trends,Deaths (Obituaries),4
digital media,Computers and the Internet,4
higher education,"Demonstrations, Protests and Riots",4
criminal justice,"Murders, Attempted Murders and Homicides",4
criminal justice,Georgia Criminal Case Against Trump (2020 Election),4
market trends,United States Economy,4
international law,United States International Relations,4
film,Movies,4
AI ethics,Social Media,4
governance,Television,4
military conflicts,Israel-Gaza War (2023- ),4
policy-making,internal-storyline-no,4
cultural heritage,Cooking and Cookbooks,4
corporate ethics,Royal Families,4
television,Deaths (Obituaries),4
elections,internal-paywall-exempt,4
data privacy,your-feed-science,4
military conflicts,Defense and Military Forces,4
elections,Artificial Intelligence,4
criminal justice,New York State Criminal Case Against Trump (71543-23),4
political systems,Colleges and Universities,4
film,Movies,4
criminal justice,"Murders, Attempted Murders and Homicides",4
journalism,Israel-Gaza War (2023- ),4
elections,United States Politics and Government,4
criminal justice,Decisions and Verdicts,4
medical research,your-feed-science,4
criminal justice,New York State Criminal Case Against Trump (71543-23),4
elections,International Relations,4
policy-making,Global Warming,4
governance,Palestinians,4
military conflicts,Defense and Military Forces,4
tech regulations,Artificial Intelligence,4
visual arts,internal-storyline-no,4
performing arts,Content Type: Personal Profile,4
music,Classical Music,4
public safety,Computers and the Internet,4
visual arts,Fashion and Apparel,4
visual arts,Art,4
social justice,United States Economy,4
visual arts,Real Estate and Housing (Residential),4
journalism,Cooking and Cookbooks,4
performing arts,Theater,4
film,Documentary Films and Programs,4
governance,Law and Legislation,4
public safety,Social Media,4
criminal justice,Georgia Criminal Case Against Trump (2020 Election),4
political systems,audio-neutral-informative,4
elections,United States Politics and Government,4
