run,metric_name,score,num_topics
0,V_measure,0.6040461703191735,50
0,completeness,0.6457350488469811,50
0,homogeneity,0.5674137424725152,50
0,adjusted_mutual_info,0.29662405884414567,50
1,V_measure,0.5915309992309162,50
1,completeness,0.6358344212020254,50
1,homogeneity,0.552999328436577,50
1,adjusted_mutual_info,0.2811731289256255,50
2,V_measure,0.5957338746462254,50
2,completeness,0.6343627349794255,50
2,homogeneity,0.5615395090705676,50
2,adjusted_mutual_info,0.28081347761158093,50
3,V_measure,0.6109189680651549,50
3,completeness,0.6529300394834545,50
3,homogeneity,0.5739872626363656,50
3,adjusted_mutual_info,0.3110267666718984,50
4,V_measure,0.6053790728842189,50
4,completeness,0.6492409094980169,50
4,homogeneity,0.5670686807623898,50
4,adjusted_mutual_info,0.3033116092909607,50
