run,metric_name,score,num_topics
0,V_measure,0.5152359996877135,50
0,completeness,0.6088790124508001,50
0,homogeneity,0.4465573681813648,50
0,adjusted_mutual_info,0.2808121339873603,50
1,V_measure,0.5110014078615279,50
1,completeness,0.6005996742635431,50
1,homogeneity,0.44466559667491146,50
1,adjusted_mutual_info,0.26959240628643744,50
2,V_measure,0.505548171551072,50
2,completeness,0.596964791432677,50
2,homogeneity,0.4384116912932911,50
2,adjusted_mutual_info,0.26577875965928094,50
3,V_measure,0.5159392398294133,50
3,completeness,0.6098482051024634,50
3,homogeneity,0.4470925947141793,50
3,adjusted_mutual_info,0.2834037611649235,50
4,V_measure,0.5054834119602695,50
4,completeness,0.5962927628031478,50
4,homogeneity,0.43867730033534885,50
4,adjusted_mutual_info,0.26608408101249786,50
