run,metric_name,score,num_topics
0,V_measure,0.6325247238374058,50
0,completeness,0.6779013389178733,50
0,homogeneity,0.5928417350724604,50
0,adjusted_mutual_info,0.3686146912233365,50
1,V_measure,0.6325247238374058,50
1,completeness,0.6779013389178733,50
1,homogeneity,0.5928417350724604,50
1,adjusted_mutual_info,0.3686146912233365,50
2,V_measure,0.6325247238374058,50
2,completeness,0.6779013389178733,50
2,homogeneity,0.5928417350724604,50
2,adjusted_mutual_info,0.3686146912233365,50
3,V_measure,0.6325247238374058,50
3,completeness,0.6779013389178733,50
3,homogeneity,0.5928417350724604,50
3,adjusted_mutual_info,0.3686146912233365,50
4,V_measure,0.6325247238374058,50
4,completeness,0.6779013389178733,50
4,homogeneity,0.5928417350724604,50
4,adjusted_mutual_info,0.3686146912233365,50
