run,metric_name,score,num_topics
0,V_measure,0.6282255485734726,50
0,completeness,0.6740310502130766,50
0,homogeneity,0.5882495480200683,50
0,adjusted_mutual_info,0.36268798412481223,50
1,V_measure,0.6282255485734726,50
1,completeness,0.6740310502130766,50
1,homogeneity,0.5882495480200683,50
1,adjusted_mutual_info,0.36268798412481223,50
2,V_measure,0.6282255485734726,50
2,completeness,0.6740310502130766,50
2,homogeneity,0.5882495480200683,50
2,adjusted_mutual_info,0.36268798412481223,50
3,V_measure,0.6282255485734726,50
3,completeness,0.6740310502130766,50
3,homogeneity,0.5882495480200683,50
3,adjusted_mutual_info,0.36268798412481223,50
4,V_measure,0.6282255485734726,50
4,completeness,0.6740310502130766,50
4,homogeneity,0.5882495480200683,50
4,adjusted_mutual_info,0.36268798412481223,50
