topic_name,ground_truth,run
arts,Fashion and Apparel,0
supreme court,Decisions and Verdicts,0
artificial intelligence,internal-sub-only-nl,0
music,Deaths (Obituaries),0
activism,"Demonstrations, Protests and Riots",0
safety,AIRLINES AND AIRPLANES,0
supreme court,Decisions and Verdicts,0
international relations,Palestinians,0
immigration,Illegal Immigration,0
art exhibitions,Documentary Films and Programs,0
international relations,Palestinians,0
entertainment,Art,0
international relations,Defense and Military Forces,0
safety,AIRLINES AND AIRPLANES,0
history,internal-paywall-exempt,0
politics,Politics and Government,0
activism,Palestinians,0
environment,your-feed-science,0
politics,"Demonstrations, Protests and Riots",0
cuisine,Restaurants,0
music,Pop and Rock Music,0
environment,your-feed-science,0
public health,Politics and Government,0
entertainment,Content Type: Personal Profile,0
urban issues,Real Estate and Housing (Residential),0
technology,Computers and the Internet,0
music,Culture (Arts),0
elections,Primaries and Caucuses,0
artificial intelligence,Social Media,0
politics,Politics and Government,0
elections,Presidential Election of 2024,0
arts,Fashion and Apparel,0
music,Classical Music,0
cuisine,Cooking and Cookbooks,0
history,Deaths (Obituaries),0
royalty,Royal Families,0
international relations,Documentary Films and Programs,0
climate,Global Warming,0
environmental policy,internal-storyline-no,0
elections,Elections,0
politics,United States Politics and Government,0
legislation,Law and Legislation,0
politics,Law and Legislation,0
cuisine,Restaurants,0
arts,Art,0
policy,Restaurants,0
elections,audio-neutral-informative,0
international relations,Defense and Military Forces,0
technology,Artificial Intelligence,0
entertainment,Computers and the Internet,0
public safety,"Murders, Attempted Murders and Homicides",0
education,Books and Literature,0
corporate ethics,AIRLINES AND AIRPLANES,0
legislation,United States Politics and Government,0
elections,United States Politics and Government,0
international relations,United States International Relations,0
climate,Global Warming,0
public health,internal-sub-only-nl,0
arts,Dancing,0
elections,Primaries and Caucuses,0
theater,Theater,0
legal issues,Illegal Immigration,0
entertainment,Documentary Films and Programs,0
business,United States Economy,0
politics,Theater,0
immigration,Illegal Immigration,0
arts,Books and Literature,0
elections,Presidential Election of 2024,0
elections,Presidential Election of 2024,0
theater,Content Type: Personal Profile,0
abortion rights,Abortion,0
cuisine,Cooking and Cookbooks,0
legal issues,Deaths (Obituaries),0
legal issues,"Murders, Attempted Murders and Homicides",0
elections,Elections,0
arts,audio-neutral-informative,0
activism,United States Economy,0
entertainment,Content Type: Personal Profile,0
environment,Global Warming,0
cuisine,Cooking and Cookbooks,0
cuisine,Cooking and Cookbooks,0
air pollution,Global Warming,0
legal trials,New York State Criminal Case Against Trump (71543-23),0
theater,Content Type: Personal Profile,0
legal issues,Deaths (Obituaries),0
legislation,Computers and the Internet,0
real estate,Movies,0
arts,Deaths (Obituaries),0
legislation,internal-sub-only-nl,0
politics,Israel-Gaza War (2023- ),0
young adult literature,Books and Literature,0
music,Classical Music,0
music,Classical Music,0
activism,Social Media,0
technology,Artificial Intelligence,0
entertainment,Movies,0
abortion rights,Abortion,0
politics,internal-sub-only-nl,0
politics,Primaries and Caucuses,0
international relations,Defense and Military Forces,0
entertainment,Culture (Arts),0
abortion rights,Abortion,0
royalty,Royal Families,0
crime,Decisions and Verdicts,0
international relations,United States International Relations,0
politics,Russian Invasion of Ukraine (2022),0
business,AIRLINES AND AIRPLANES,0
elections,internal-paywall-exempt,0
legal issues,Georgia Criminal Case Against Trump (2020 Election),0
education,internal-storyline-no,0
politics,Primaries and Caucuses,0
travel trends,Travel and Vacations,0
academic freedom,Colleges and Universities,0
dance,Culture (Arts),0
politics,Elections,0
legal issues,Georgia Criminal Case Against Trump (2020 Election),0
entertainment,Movies,0
arts,Art,0
politics,International Relations,0
dance,Dancing,0
dance,Dancing,0
climate,Global Warming,0
safety,Defense and Military Forces,0
abortion rights,Abortion,0
business,Restaurants,0
music,Documentary Films and Programs,0
crime,"Murders, Attempted Murders and Homicides",0
royalty,Royal Families,0
elections,Presidential Election of 2024,0
immigration,Illegal Immigration,0
legislation,Law and Legislation,0
entertainment,Fashion and Apparel,0
international relations,United States International Relations,0
infrastructure,AIRLINES AND AIRPLANES,0
music,Culture (Arts),0
education,Weddings and Engagements,0
crime,"Murders, Attempted Murders and Homicides",0
elections,Elections,0
immigration,Illegal Immigration,0
history,Books and Literature,0
arts,Culture (Arts),0
dance,Dancing,0
music,Classical Music,0
education,internal-sub-only-nl,0
legal issues,Primaries and Caucuses,0
politics,Palestinians,0
music,Pop and Rock Music,0
public safety,AIRLINES AND AIRPLANES,0
theater,Politics and Government,0
politics,Russian Invasion of Ukraine (2022),0
policy,International Relations,0
politics,"Demonstrations, Protests and Riots",0
legal issues,Georgia Criminal Case Against Trump (2020 Election),0
young adult literature,Books and Literature,0
elections,Primaries and Caucuses,0
real estate,Real Estate and Housing (Residential),0
politics,United States International Relations,0
entertainment,Documentary Films and Programs,0
entertainment,Movies,0
real estate,Real Estate and Housing (Residential),0
economy,internal-storyline-no,0
abortion rights,United States Economy,0
politics,Presidential Election of 2024,0
legal issues,Georgia Criminal Case Against Trump (2020 Election),0
economy,United States Economy,0
economy,United States Economy,0
academic freedom,Colleges and Universities,0
music,Classical Music,0
international relations,Decisions and Verdicts,0
legal issues,Decisions and Verdicts,0
theater,Theater,0
immigration,Illegal Immigration,0
elections,Primaries and Caucuses,0
cuisine,Restaurants,0
elections,Elections,0
urban issues,Restaurants,0
cuisine,Restaurants,0
legal trials,New York State Criminal Case Against Trump (71543-23),0
entertainment,Culture (Arts),0
entertainment,Content Type: Personal Profile,0
entertainment,Social Media,0
arts,Books and Literature,0
cuisine,Cooking and Cookbooks,0
entertainment,Weddings and Engagements,0
entertainment,Fashion and Apparel,0
travel trends,Travel and Vacations,0
elections,"Demonstrations, Protests and Riots",0
legal issues,internal-sub-only-nl,0
entertainment,Weddings and Engagements,0
travel trends,Travel and Vacations,0
activism,"Demonstrations, Protests and Riots",0
history,internal-paywall-exempt,0
entertainment,Fashion and Apparel,0
international trade,United States International Relations,0
history,Deaths (Obituaries),0
elections,Georgia Criminal Case Against Trump (2020 Election),0
international relations,Russian Invasion of Ukraine (2022),0
supreme court,Decisions and Verdicts,0
legal issues,Russian Invasion of Ukraine (2022),0
music,Pop and Rock Music,0
young adult literature,Books and Literature,0
crime,audio-neutral-informative,0
athlete compensation,Colleges and Universities,0
legal trials,New York State Criminal Case Against Trump (71543-23),0
travel trends,Travel and Vacations,0
international relations,Defense and Military Forces,0
art exhibitions,Art,0
royalty,Royal Families,0
politics,Politics and Government,0
music,Pop and Rock Music,0
abortion rights,AIRLINES AND AIRPLANES,0
travel trends,Travel and Vacations,0
crime,Russian Invasion of Ukraine (2022),0
infrastructure,Computers and the Internet,0
theater,Theater,0
politics,Abortion,0
elections,internal-storyline-no,0
international relations,International Relations,0
history,internal-paywall-exempt,0
immigration,"Demonstrations, Protests and Riots",0
legal issues,New York State Criminal Case Against Trump (71543-23),0
entertainment,Culture (Arts),0
elections,internal-paywall-exempt,0
legal trials,Television,0
activism,Israel-Gaza War (2023- ),0
crime,Decisions and Verdicts,0
entertainment,Dancing,0
real estate,internal-storyline-no,0
theater,Theater,0
international relations,International Relations,0
artificial intelligence,Artificial Intelligence,0
politics,Law and Legislation,0
dance,Dancing,0
music,Pop and Rock Music,0
entertainment,Television,0
legal trials,United States Politics and Government,0
cuisine,Cooking and Cookbooks,0
politics,Palestinians,0
activism,Israel-Gaza War (2023- ),0
royalty,Royal Families,0
archives,Books and Literature,0
activism,Weddings and Engagements,0
arts,Weddings and Engagements,0
education,Movies,0
activism,audio-neutral-informative,0
elections,Elections,0
music,Pop and Rock Music,0
entertainment,Television,0
entertainment,Real Estate and Housing (Residential),0
abortion rights,"Demonstrations, Protests and Riots",0
entertainment,Weddings and Engagements,0
elections,Television,0
elections,internal-paywall-exempt,0
international relations,Computers and the Internet,0
arts,Documentary Films and Programs,0
politics,Presidential Election of 2024,0
international relations,Palestinians,0
politics,Presidential Election of 2024,0
policy,United States Politics and Government,0
international relations,Russian Invasion of Ukraine (2022),0
travel trends,Restaurants,0
entertainment,Content Type: Personal Profile,0
travel trends,Travel and Vacations,0
dance,Dancing,0
entertainment,Television,0
abortion rights,International Relations,0
international trade,International Relations,0
international relations,Palestinians,0
arts,Culture (Arts),0
politics,Social Media,0
environment,your-feed-science,0
air pollution,Global Warming,0
policy,United States Economy,0
public health,your-feed-science,0
manufacturing,AIRLINES AND AIRPLANES,0
federal supremacy,Illegal Immigration,0
entertainment,Television,0
technology,Computers and the Internet,0
music,Classical Music,0
royalty,Royal Families,0
academic freedom,Colleges and Universities,0
international relations,Defense and Military Forces,0
dance,Dancing,0
politics,Primaries and Caucuses,0
economy,internal-sub-only-nl,0
elections,Abortion,0
elections,Presidential Election of 2024,0
international relations,Colleges and Universities,0
international relations,United States International Relations,0
politics,Israel-Gaza War (2023- ),0
artificial intelligence,Artificial Intelligence,0
politics,Elections,0
public health,your-feed-science,0
arts,Documentary Films and Programs,0
technology,Global Warming,0
travel trends,Travel and Vacations,0
real estate,Travel and Vacations,0
entertainment,audio-neutral-informative,0
international relations,Russian Invasion of Ukraine (2022),0
real estate,Real Estate and Housing (Residential),0
entertainment,Television,0
business,Artificial Intelligence,0
politics,Colleges and Universities,0
legislation,Law and Legislation,0
politics,United States Politics and Government,0
activism,Content Type: Personal Profile,0
politics,Russian Invasion of Ukraine (2022),0
music,audio-neutral-informative,0
academic freedom,"Murders, Attempted Murders and Homicides",0
legal issues,internal-sub-only-nl,0
royalty,Royal Families,0
politics,Israel-Gaza War (2023- ),0
disasters,Weddings and Engagements,0
infrastructure,Social Media,0
legislation,Law and Legislation,0
real estate,Real Estate and Housing (Residential),0
politics,United States International Relations,0
art exhibitions,Art,0
legislation,Law and Legislation,0
arts,audio-neutral-informative,0
politics,Israel-Gaza War (2023- ),0
legislation,Abortion,0
music,Pop and Rock Music,0
art exhibitions,Art,0
policy,Elections,0
politics,Politics and Government,0
arts,Fashion and Apparel,0
legal issues,New York State Criminal Case Against Trump (71543-23),0
music,Pop and Rock Music,0
music,Classical Music,0
arts,Movies,0
urban issues,Real Estate and Housing (Residential),0
education,Weddings and Engagements,0
economy,internal-storyline-no,0
theater,Theater,0
legal trials,New York State Criminal Case Against Trump (71543-23),0
environment,your-feed-science,0
theater,Theater,0
elections,Politics and Government,0
legal issues,"Murders, Attempted Murders and Homicides",0
legal issues,Georgia Criminal Case Against Trump (2020 Election),0
politics,Abortion,0
elections,internal-paywall-exempt,0
elections,Politics and Government,0
immigration,Illegal Immigration,0
arts,Fashion and Apparel,0
real estate,International Relations,0
artificial intelligence,Artificial Intelligence,0
arts,Art,0
education,Colleges and Universities,0
legislation,Social Media,0
arts,Deaths (Obituaries),0
corporate ethics,Computers and the Internet,0
academic freedom,"Demonstrations, Protests and Riots",0
crime,"Murders, Attempted Murders and Homicides",0
legal trials,Georgia Criminal Case Against Trump (2020 Election),0
economy,United States Economy,0
legal issues,United States International Relations,0
entertainment,Movies,0
artificial intelligence,Social Media,0
politics,Television,0
public safety,Israel-Gaza War (2023- ),0
technology,internal-storyline-no,0
cuisine,Cooking and Cookbooks,0
immigration,Royal Families,0
entertainment,Deaths (Obituaries),0
elections,internal-paywall-exempt,0
technology,your-feed-science,0
international relations,Defense and Military Forces,0
politics,Artificial Intelligence,0
legal issues,New York State Criminal Case Against Trump (71543-23),0
politics,Colleges and Universities,0
dance,Movies,0
legal issues,"Murders, Attempted Murders and Homicides",0
activism,Israel-Gaza War (2023- ),0
politics,United States Politics and Government,0
legal issues,Decisions and Verdicts,0
public health,your-feed-science,0
legal trials,New York State Criminal Case Against Trump (71543-23),0
politics,International Relations,0
climate,Global Warming,0
politics,Palestinians,0
international relations,Defense and Military Forces,0
corporate ethics,Artificial Intelligence,0
arts,internal-storyline-no,0
dance,Content Type: Personal Profile,0
music,Classical Music,0
public safety,Computers and the Internet,0
arts,Fashion and Apparel,0
art exhibitions,Art,0
immigration,United States Economy,0
real estate,Real Estate and Housing (Residential),0
cuisine,Cooking and Cookbooks,0
theater,Theater,0
entertainment,Documentary Films and Programs,0
legislation,Law and Legislation,0
crime,Social Media,0
legal issues,Georgia Criminal Case Against Trump (2020 Election),0
politics,audio-neutral-informative,0
politics,United States Politics and Government,0
arts,Fashion and Apparel,1
supreme court,Decisions and Verdicts,1
artificial intelligence,internal-sub-only-nl,1
music,Deaths (Obituaries),1
activism,"Demonstrations, Protests and Riots",1
safety,AIRLINES AND AIRPLANES,1
supreme court,Decisions and Verdicts,1
international relations,Palestinians,1
immigration,Illegal Immigration,1
art exhibitions,Documentary Films and Programs,1
international relations,Palestinians,1
entertainment,Art,1
international relations,Defense and Military Forces,1
safety,AIRLINES AND AIRPLANES,1
history,internal-paywall-exempt,1
politics,Politics and Government,1
activism,Palestinians,1
environment,your-feed-science,1
politics,"Demonstrations, Protests and Riots",1
cuisine,Restaurants,1
music,Pop and Rock Music,1
environment,your-feed-science,1
public health,Politics and Government,1
entertainment,Content Type: Personal Profile,1
urban issues,Real Estate and Housing (Residential),1
technology,Computers and the Internet,1
music,Culture (Arts),1
elections,Primaries and Caucuses,1
artificial intelligence,Social Media,1
politics,Politics and Government,1
elections,Presidential Election of 2024,1
arts,Fashion and Apparel,1
music,Classical Music,1
cuisine,Cooking and Cookbooks,1
history,Deaths (Obituaries),1
royalty,Royal Families,1
international relations,Documentary Films and Programs,1
climate,Global Warming,1
environmental policy,internal-storyline-no,1
elections,Elections,1
politics,United States Politics and Government,1
legislation,Law and Legislation,1
politics,Law and Legislation,1
cuisine,Restaurants,1
arts,Art,1
policy,Restaurants,1
elections,audio-neutral-informative,1
international relations,Defense and Military Forces,1
technology,Artificial Intelligence,1
entertainment,Computers and the Internet,1
public safety,"Murders, Attempted Murders and Homicides",1
education,Books and Literature,1
corporate ethics,AIRLINES AND AIRPLANES,1
legislation,United States Politics and Government,1
elections,United States Politics and Government,1
international relations,United States International Relations,1
climate,Global Warming,1
public health,internal-sub-only-nl,1
arts,Dancing,1
elections,Primaries and Caucuses,1
theater,Theater,1
legal issues,Illegal Immigration,1
entertainment,Documentary Films and Programs,1
business,United States Economy,1
politics,Theater,1
immigration,Illegal Immigration,1
arts,Books and Literature,1
elections,Presidential Election of 2024,1
elections,Presidential Election of 2024,1
theater,Content Type: Personal Profile,1
abortion rights,Abortion,1
cuisine,Cooking and Cookbooks,1
legal issues,Deaths (Obituaries),1
legal issues,"Murders, Attempted Murders and Homicides",1
elections,Elections,1
arts,audio-neutral-informative,1
activism,United States Economy,1
entertainment,Content Type: Personal Profile,1
environment,Global Warming,1
cuisine,Cooking and Cookbooks,1
cuisine,Cooking and Cookbooks,1
air pollution,Global Warming,1
legal trials,New York State Criminal Case Against Trump (71543-23),1
theater,Content Type: Personal Profile,1
legal issues,Deaths (Obituaries),1
legislation,Computers and the Internet,1
real estate,Movies,1
arts,Deaths (Obituaries),1
legislation,internal-sub-only-nl,1
politics,Israel-Gaza War (2023- ),1
young adult literature,Books and Literature,1
music,Classical Music,1
music,Classical Music,1
activism,Social Media,1
technology,Artificial Intelligence,1
entertainment,Movies,1
abortion rights,Abortion,1
politics,internal-sub-only-nl,1
politics,Primaries and Caucuses,1
international relations,Defense and Military Forces,1
entertainment,Culture (Arts),1
abortion rights,Abortion,1
royalty,Royal Families,1
crime,Decisions and Verdicts,1
international relations,United States International Relations,1
politics,Russian Invasion of Ukraine (2022),1
business,AIRLINES AND AIRPLANES,1
elections,internal-paywall-exempt,1
legal issues,Georgia Criminal Case Against Trump (2020 Election),1
education,internal-storyline-no,1
politics,Primaries and Caucuses,1
travel trends,Travel and Vacations,1
academic freedom,Colleges and Universities,1
dance,Culture (Arts),1
politics,Elections,1
legal issues,Georgia Criminal Case Against Trump (2020 Election),1
entertainment,Movies,1
arts,Art,1
politics,International Relations,1
dance,Dancing,1
dance,Dancing,1
climate,Global Warming,1
safety,Defense and Military Forces,1
abortion rights,Abortion,1
business,Restaurants,1
music,Documentary Films and Programs,1
crime,"Murders, Attempted Murders and Homicides",1
royalty,Royal Families,1
elections,Presidential Election of 2024,1
immigration,Illegal Immigration,1
legislation,Law and Legislation,1
entertainment,Fashion and Apparel,1
international relations,United States International Relations,1
infrastructure,AIRLINES AND AIRPLANES,1
music,Culture (Arts),1
education,Weddings and Engagements,1
crime,"Murders, Attempted Murders and Homicides",1
elections,Elections,1
immigration,Illegal Immigration,1
history,Books and Literature,1
arts,Culture (Arts),1
dance,Dancing,1
music,Classical Music,1
education,internal-sub-only-nl,1
legal issues,Primaries and Caucuses,1
politics,Palestinians,1
music,Pop and Rock Music,1
public safety,AIRLINES AND AIRPLANES,1
theater,Politics and Government,1
politics,Russian Invasion of Ukraine (2022),1
policy,International Relations,1
politics,"Demonstrations, Protests and Riots",1
legal issues,Georgia Criminal Case Against Trump (2020 Election),1
young adult literature,Books and Literature,1
elections,Primaries and Caucuses,1
real estate,Real Estate and Housing (Residential),1
politics,United States International Relations,1
entertainment,Documentary Films and Programs,1
entertainment,Movies,1
real estate,Real Estate and Housing (Residential),1
economy,internal-storyline-no,1
abortion rights,United States Economy,1
politics,Presidential Election of 2024,1
legal issues,Georgia Criminal Case Against Trump (2020 Election),1
economy,United States Economy,1
economy,United States Economy,1
academic freedom,Colleges and Universities,1
music,Classical Music,1
international relations,Decisions and Verdicts,1
legal issues,Decisions and Verdicts,1
theater,Theater,1
immigration,Illegal Immigration,1
elections,Primaries and Caucuses,1
cuisine,Restaurants,1
elections,Elections,1
urban issues,Restaurants,1
cuisine,Restaurants,1
legal trials,New York State Criminal Case Against Trump (71543-23),1
entertainment,Culture (Arts),1
entertainment,Content Type: Personal Profile,1
entertainment,Social Media,1
arts,Books and Literature,1
cuisine,Cooking and Cookbooks,1
entertainment,Weddings and Engagements,1
entertainment,Fashion and Apparel,1
travel trends,Travel and Vacations,1
elections,"Demonstrations, Protests and Riots",1
legal issues,internal-sub-only-nl,1
entertainment,Weddings and Engagements,1
travel trends,Travel and Vacations,1
activism,"Demonstrations, Protests and Riots",1
history,internal-paywall-exempt,1
entertainment,Fashion and Apparel,1
international trade,United States International Relations,1
history,Deaths (Obituaries),1
elections,Georgia Criminal Case Against Trump (2020 Election),1
international relations,Russian Invasion of Ukraine (2022),1
supreme court,Decisions and Verdicts,1
legal issues,Russian Invasion of Ukraine (2022),1
music,Pop and Rock Music,1
young adult literature,Books and Literature,1
crime,audio-neutral-informative,1
athlete compensation,Colleges and Universities,1
legal trials,New York State Criminal Case Against Trump (71543-23),1
travel trends,Travel and Vacations,1
international relations,Defense and Military Forces,1
art exhibitions,Art,1
royalty,Royal Families,1
politics,Politics and Government,1
music,Pop and Rock Music,1
abortion rights,AIRLINES AND AIRPLANES,1
travel trends,Travel and Vacations,1
crime,Russian Invasion of Ukraine (2022),1
infrastructure,Computers and the Internet,1
theater,Theater,1
politics,Abortion,1
elections,internal-storyline-no,1
international relations,International Relations,1
history,internal-paywall-exempt,1
immigration,"Demonstrations, Protests and Riots",1
legal issues,New York State Criminal Case Against Trump (71543-23),1
entertainment,Culture (Arts),1
elections,internal-paywall-exempt,1
legal trials,Television,1
activism,Israel-Gaza War (2023- ),1
crime,Decisions and Verdicts,1
entertainment,Dancing,1
real estate,internal-storyline-no,1
theater,Theater,1
international relations,International Relations,1
artificial intelligence,Artificial Intelligence,1
politics,Law and Legislation,1
dance,Dancing,1
music,Pop and Rock Music,1
entertainment,Television,1
legal trials,United States Politics and Government,1
cuisine,Cooking and Cookbooks,1
politics,Palestinians,1
activism,Israel-Gaza War (2023- ),1
royalty,Royal Families,1
archives,Books and Literature,1
activism,Weddings and Engagements,1
arts,Weddings and Engagements,1
education,Movies,1
activism,audio-neutral-informative,1
elections,Elections,1
music,Pop and Rock Music,1
entertainment,Television,1
entertainment,Real Estate and Housing (Residential),1
abortion rights,"Demonstrations, Protests and Riots",1
entertainment,Weddings and Engagements,1
elections,Television,1
elections,internal-paywall-exempt,1
international relations,Computers and the Internet,1
arts,Documentary Films and Programs,1
politics,Presidential Election of 2024,1
international relations,Palestinians,1
politics,Presidential Election of 2024,1
policy,United States Politics and Government,1
international relations,Russian Invasion of Ukraine (2022),1
travel trends,Restaurants,1
entertainment,Content Type: Personal Profile,1
travel trends,Travel and Vacations,1
dance,Dancing,1
entertainment,Television,1
abortion rights,International Relations,1
international trade,International Relations,1
international relations,Palestinians,1
arts,Culture (Arts),1
politics,Social Media,1
environment,your-feed-science,1
air pollution,Global Warming,1
policy,United States Economy,1
public health,your-feed-science,1
manufacturing,AIRLINES AND AIRPLANES,1
federal supremacy,Illegal Immigration,1
entertainment,Television,1
technology,Computers and the Internet,1
music,Classical Music,1
royalty,Royal Families,1
academic freedom,Colleges and Universities,1
international relations,Defense and Military Forces,1
dance,Dancing,1
politics,Primaries and Caucuses,1
economy,internal-sub-only-nl,1
elections,Abortion,1
elections,Presidential Election of 2024,1
international relations,Colleges and Universities,1
international relations,United States International Relations,1
politics,Israel-Gaza War (2023- ),1
artificial intelligence,Artificial Intelligence,1
politics,Elections,1
public health,your-feed-science,1
arts,Documentary Films and Programs,1
technology,Global Warming,1
travel trends,Travel and Vacations,1
real estate,Travel and Vacations,1
entertainment,audio-neutral-informative,1
international relations,Russian Invasion of Ukraine (2022),1
real estate,Real Estate and Housing (Residential),1
entertainment,Television,1
business,Artificial Intelligence,1
politics,Colleges and Universities,1
legislation,Law and Legislation,1
politics,United States Politics and Government,1
activism,Content Type: Personal Profile,1
politics,Russian Invasion of Ukraine (2022),1
music,audio-neutral-informative,1
academic freedom,"Murders, Attempted Murders and Homicides",1
legal issues,internal-sub-only-nl,1
royalty,Royal Families,1
politics,Israel-Gaza War (2023- ),1
disasters,Weddings and Engagements,1
infrastructure,Social Media,1
legislation,Law and Legislation,1
real estate,Real Estate and Housing (Residential),1
politics,United States International Relations,1
art exhibitions,Art,1
legislation,Law and Legislation,1
arts,audio-neutral-informative,1
politics,Israel-Gaza War (2023- ),1
legislation,Abortion,1
music,Pop and Rock Music,1
art exhibitions,Art,1
policy,Elections,1
politics,Politics and Government,1
arts,Fashion and Apparel,1
legal issues,New York State Criminal Case Against Trump (71543-23),1
music,Pop and Rock Music,1
music,Classical Music,1
arts,Movies,1
urban issues,Real Estate and Housing (Residential),1
education,Weddings and Engagements,1
economy,internal-storyline-no,1
theater,Theater,1
legal trials,New York State Criminal Case Against Trump (71543-23),1
environment,your-feed-science,1
theater,Theater,1
elections,Politics and Government,1
legal issues,"Murders, Attempted Murders and Homicides",1
legal issues,Georgia Criminal Case Against Trump (2020 Election),1
politics,Abortion,1
elections,internal-paywall-exempt,1
elections,Politics and Government,1
immigration,Illegal Immigration,1
arts,Fashion and Apparel,1
real estate,International Relations,1
artificial intelligence,Artificial Intelligence,1
arts,Art,1
education,Colleges and Universities,1
legislation,Social Media,1
arts,Deaths (Obituaries),1
corporate ethics,Computers and the Internet,1
academic freedom,"Demonstrations, Protests and Riots",1
crime,"Murders, Attempted Murders and Homicides",1
legal trials,Georgia Criminal Case Against Trump (2020 Election),1
economy,United States Economy,1
legal issues,United States International Relations,1
entertainment,Movies,1
artificial intelligence,Social Media,1
politics,Television,1
public safety,Israel-Gaza War (2023- ),1
technology,internal-storyline-no,1
cuisine,Cooking and Cookbooks,1
immigration,Royal Families,1
entertainment,Deaths (Obituaries),1
elections,internal-paywall-exempt,1
technology,your-feed-science,1
international relations,Defense and Military Forces,1
politics,Artificial Intelligence,1
legal issues,New York State Criminal Case Against Trump (71543-23),1
politics,Colleges and Universities,1
dance,Movies,1
legal issues,"Murders, Attempted Murders and Homicides",1
activism,Israel-Gaza War (2023- ),1
politics,United States Politics and Government,1
legal issues,Decisions and Verdicts,1
public health,your-feed-science,1
legal trials,New York State Criminal Case Against Trump (71543-23),1
politics,International Relations,1
climate,Global Warming,1
politics,Palestinians,1
international relations,Defense and Military Forces,1
corporate ethics,Artificial Intelligence,1
arts,internal-storyline-no,1
dance,Content Type: Personal Profile,1
music,Classical Music,1
public safety,Computers and the Internet,1
arts,Fashion and Apparel,1
art exhibitions,Art,1
immigration,United States Economy,1
real estate,Real Estate and Housing (Residential),1
cuisine,Cooking and Cookbooks,1
theater,Theater,1
entertainment,Documentary Films and Programs,1
legislation,Law and Legislation,1
crime,Social Media,1
legal issues,Georgia Criminal Case Against Trump (2020 Election),1
politics,audio-neutral-informative,1
politics,United States Politics and Government,1
arts,Fashion and Apparel,2
supreme court,Decisions and Verdicts,2
artificial intelligence,internal-sub-only-nl,2
music,Deaths (Obituaries),2
activism,"Demonstrations, Protests and Riots",2
safety,AIRLINES AND AIRPLANES,2
supreme court,Decisions and Verdicts,2
international relations,Palestinians,2
immigration,Illegal Immigration,2
art exhibitions,Documentary Films and Programs,2
international relations,Palestinians,2
entertainment,Art,2
international relations,Defense and Military Forces,2
safety,AIRLINES AND AIRPLANES,2
history,internal-paywall-exempt,2
politics,Politics and Government,2
activism,Palestinians,2
environment,your-feed-science,2
politics,"Demonstrations, Protests and Riots",2
cuisine,Restaurants,2
music,Pop and Rock Music,2
environment,your-feed-science,2
public health,Politics and Government,2
entertainment,Content Type: Personal Profile,2
urban issues,Real Estate and Housing (Residential),2
technology,Computers and the Internet,2
music,Culture (Arts),2
elections,Primaries and Caucuses,2
artificial intelligence,Social Media,2
politics,Politics and Government,2
elections,Presidential Election of 2024,2
arts,Fashion and Apparel,2
music,Classical Music,2
cuisine,Cooking and Cookbooks,2
history,Deaths (Obituaries),2
royalty,Royal Families,2
international relations,Documentary Films and Programs,2
climate,Global Warming,2
environmental policy,internal-storyline-no,2
elections,Elections,2
politics,United States Politics and Government,2
legislation,Law and Legislation,2
politics,Law and Legislation,2
cuisine,Restaurants,2
arts,Art,2
policy,Restaurants,2
elections,audio-neutral-informative,2
international relations,Defense and Military Forces,2
technology,Artificial Intelligence,2
entertainment,Computers and the Internet,2
public safety,"Murders, Attempted Murders and Homicides",2
education,Books and Literature,2
corporate ethics,AIRLINES AND AIRPLANES,2
legislation,United States Politics and Government,2
elections,United States Politics and Government,2
international relations,United States International Relations,2
climate,Global Warming,2
public health,internal-sub-only-nl,2
arts,Dancing,2
elections,Primaries and Caucuses,2
theater,Theater,2
legal issues,Illegal Immigration,2
entertainment,Documentary Films and Programs,2
business,United States Economy,2
politics,Theater,2
immigration,Illegal Immigration,2
arts,Books and Literature,2
elections,Presidential Election of 2024,2
elections,Presidential Election of 2024,2
theater,Content Type: Personal Profile,2
abortion rights,Abortion,2
cuisine,Cooking and Cookbooks,2
legal issues,Deaths (Obituaries),2
legal issues,"Murders, Attempted Murders and Homicides",2
elections,Elections,2
arts,audio-neutral-informative,2
activism,United States Economy,2
entertainment,Content Type: Personal Profile,2
environment,Global Warming,2
cuisine,Cooking and Cookbooks,2
cuisine,Cooking and Cookbooks,2
air pollution,Global Warming,2
legal trials,New York State Criminal Case Against Trump (71543-23),2
theater,Content Type: Personal Profile,2
legal issues,Deaths (Obituaries),2
legislation,Computers and the Internet,2
real estate,Movies,2
arts,Deaths (Obituaries),2
legislation,internal-sub-only-nl,2
politics,Israel-Gaza War (2023- ),2
young adult literature,Books and Literature,2
music,Classical Music,2
music,Classical Music,2
activism,Social Media,2
technology,Artificial Intelligence,2
entertainment,Movies,2
abortion rights,Abortion,2
politics,internal-sub-only-nl,2
politics,Primaries and Caucuses,2
international relations,Defense and Military Forces,2
entertainment,Culture (Arts),2
abortion rights,Abortion,2
royalty,Royal Families,2
crime,Decisions and Verdicts,2
international relations,United States International Relations,2
politics,Russian Invasion of Ukraine (2022),2
business,AIRLINES AND AIRPLANES,2
elections,internal-paywall-exempt,2
legal issues,Georgia Criminal Case Against Trump (2020 Election),2
education,internal-storyline-no,2
politics,Primaries and Caucuses,2
travel trends,Travel and Vacations,2
academic freedom,Colleges and Universities,2
dance,Culture (Arts),2
politics,Elections,2
legal issues,Georgia Criminal Case Against Trump (2020 Election),2
entertainment,Movies,2
arts,Art,2
politics,International Relations,2
dance,Dancing,2
dance,Dancing,2
climate,Global Warming,2
safety,Defense and Military Forces,2
abortion rights,Abortion,2
business,Restaurants,2
music,Documentary Films and Programs,2
crime,"Murders, Attempted Murders and Homicides",2
royalty,Royal Families,2
elections,Presidential Election of 2024,2
immigration,Illegal Immigration,2
legislation,Law and Legislation,2
entertainment,Fashion and Apparel,2
international relations,United States International Relations,2
infrastructure,AIRLINES AND AIRPLANES,2
music,Culture (Arts),2
education,Weddings and Engagements,2
crime,"Murders, Attempted Murders and Homicides",2
elections,Elections,2
immigration,Illegal Immigration,2
history,Books and Literature,2
arts,Culture (Arts),2
dance,Dancing,2
music,Classical Music,2
education,internal-sub-only-nl,2
legal issues,Primaries and Caucuses,2
politics,Palestinians,2
music,Pop and Rock Music,2
public safety,AIRLINES AND AIRPLANES,2
theater,Politics and Government,2
politics,Russian Invasion of Ukraine (2022),2
policy,International Relations,2
politics,"Demonstrations, Protests and Riots",2
legal issues,Georgia Criminal Case Against Trump (2020 Election),2
young adult literature,Books and Literature,2
elections,Primaries and Caucuses,2
real estate,Real Estate and Housing (Residential),2
politics,United States International Relations,2
entertainment,Documentary Films and Programs,2
entertainment,Movies,2
real estate,Real Estate and Housing (Residential),2
economy,internal-storyline-no,2
abortion rights,United States Economy,2
politics,Presidential Election of 2024,2
legal issues,Georgia Criminal Case Against Trump (2020 Election),2
economy,United States Economy,2
economy,United States Economy,2
academic freedom,Colleges and Universities,2
music,Classical Music,2
international relations,Decisions and Verdicts,2
legal issues,Decisions and Verdicts,2
theater,Theater,2
immigration,Illegal Immigration,2
elections,Primaries and Caucuses,2
cuisine,Restaurants,2
elections,Elections,2
urban issues,Restaurants,2
cuisine,Restaurants,2
legal trials,New York State Criminal Case Against Trump (71543-23),2
entertainment,Culture (Arts),2
entertainment,Content Type: Personal Profile,2
entertainment,Social Media,2
arts,Books and Literature,2
cuisine,Cooking and Cookbooks,2
entertainment,Weddings and Engagements,2
entertainment,Fashion and Apparel,2
travel trends,Travel and Vacations,2
elections,"Demonstrations, Protests and Riots",2
legal issues,internal-sub-only-nl,2
entertainment,Weddings and Engagements,2
travel trends,Travel and Vacations,2
activism,"Demonstrations, Protests and Riots",2
history,internal-paywall-exempt,2
entertainment,Fashion and Apparel,2
international trade,United States International Relations,2
history,Deaths (Obituaries),2
elections,Georgia Criminal Case Against Trump (2020 Election),2
international relations,Russian Invasion of Ukraine (2022),2
supreme court,Decisions and Verdicts,2
legal issues,Russian Invasion of Ukraine (2022),2
music,Pop and Rock Music,2
young adult literature,Books and Literature,2
crime,audio-neutral-informative,2
athlete compensation,Colleges and Universities,2
legal trials,New York State Criminal Case Against Trump (71543-23),2
travel trends,Travel and Vacations,2
international relations,Defense and Military Forces,2
art exhibitions,Art,2
royalty,Royal Families,2
politics,Politics and Government,2
music,Pop and Rock Music,2
abortion rights,AIRLINES AND AIRPLANES,2
travel trends,Travel and Vacations,2
crime,Russian Invasion of Ukraine (2022),2
infrastructure,Computers and the Internet,2
theater,Theater,2
politics,Abortion,2
elections,internal-storyline-no,2
international relations,International Relations,2
history,internal-paywall-exempt,2
immigration,"Demonstrations, Protests and Riots",2
legal issues,New York State Criminal Case Against Trump (71543-23),2
entertainment,Culture (Arts),2
elections,internal-paywall-exempt,2
legal trials,Television,2
activism,Israel-Gaza War (2023- ),2
crime,Decisions and Verdicts,2
entertainment,Dancing,2
real estate,internal-storyline-no,2
theater,Theater,2
international relations,International Relations,2
artificial intelligence,Artificial Intelligence,2
politics,Law and Legislation,2
dance,Dancing,2
music,Pop and Rock Music,2
entertainment,Television,2
legal trials,United States Politics and Government,2
cuisine,Cooking and Cookbooks,2
politics,Palestinians,2
activism,Israel-Gaza War (2023- ),2
royalty,Royal Families,2
archives,Books and Literature,2
activism,Weddings and Engagements,2
arts,Weddings and Engagements,2
education,Movies,2
activism,audio-neutral-informative,2
elections,Elections,2
music,Pop and Rock Music,2
entertainment,Television,2
entertainment,Real Estate and Housing (Residential),2
abortion rights,"Demonstrations, Protests and Riots",2
entertainment,Weddings and Engagements,2
elections,Television,2
elections,internal-paywall-exempt,2
international relations,Computers and the Internet,2
arts,Documentary Films and Programs,2
politics,Presidential Election of 2024,2
international relations,Palestinians,2
politics,Presidential Election of 2024,2
policy,United States Politics and Government,2
international relations,Russian Invasion of Ukraine (2022),2
travel trends,Restaurants,2
entertainment,Content Type: Personal Profile,2
travel trends,Travel and Vacations,2
dance,Dancing,2
entertainment,Television,2
abortion rights,International Relations,2
international trade,International Relations,2
international relations,Palestinians,2
arts,Culture (Arts),2
politics,Social Media,2
environment,your-feed-science,2
air pollution,Global Warming,2
policy,United States Economy,2
public health,your-feed-science,2
manufacturing,AIRLINES AND AIRPLANES,2
federal supremacy,Illegal Immigration,2
entertainment,Television,2
technology,Computers and the Internet,2
music,Classical Music,2
royalty,Royal Families,2
academic freedom,Colleges and Universities,2
international relations,Defense and Military Forces,2
dance,Dancing,2
politics,Primaries and Caucuses,2
economy,internal-sub-only-nl,2
elections,Abortion,2
elections,Presidential Election of 2024,2
international relations,Colleges and Universities,2
international relations,United States International Relations,2
politics,Israel-Gaza War (2023- ),2
artificial intelligence,Artificial Intelligence,2
politics,Elections,2
public health,your-feed-science,2
arts,Documentary Films and Programs,2
technology,Global Warming,2
travel trends,Travel and Vacations,2
real estate,Travel and Vacations,2
entertainment,audio-neutral-informative,2
international relations,Russian Invasion of Ukraine (2022),2
real estate,Real Estate and Housing (Residential),2
entertainment,Television,2
business,Artificial Intelligence,2
politics,Colleges and Universities,2
legislation,Law and Legislation,2
politics,United States Politics and Government,2
activism,Content Type: Personal Profile,2
politics,Russian Invasion of Ukraine (2022),2
music,audio-neutral-informative,2
academic freedom,"Murders, Attempted Murders and Homicides",2
legal issues,internal-sub-only-nl,2
royalty,Royal Families,2
politics,Israel-Gaza War (2023- ),2
disasters,Weddings and Engagements,2
infrastructure,Social Media,2
legislation,Law and Legislation,2
real estate,Real Estate and Housing (Residential),2
politics,United States International Relations,2
art exhibitions,Art,2
legislation,Law and Legislation,2
arts,audio-neutral-informative,2
politics,Israel-Gaza War (2023- ),2
legislation,Abortion,2
music,Pop and Rock Music,2
art exhibitions,Art,2
policy,Elections,2
politics,Politics and Government,2
arts,Fashion and Apparel,2
legal issues,New York State Criminal Case Against Trump (71543-23),2
music,Pop and Rock Music,2
music,Classical Music,2
arts,Movies,2
urban issues,Real Estate and Housing (Residential),2
education,Weddings and Engagements,2
economy,internal-storyline-no,2
theater,Theater,2
legal trials,New York State Criminal Case Against Trump (71543-23),2
environment,your-feed-science,2
theater,Theater,2
elections,Politics and Government,2
legal issues,"Murders, Attempted Murders and Homicides",2
legal issues,Georgia Criminal Case Against Trump (2020 Election),2
politics,Abortion,2
elections,internal-paywall-exempt,2
elections,Politics and Government,2
immigration,Illegal Immigration,2
arts,Fashion and Apparel,2
real estate,International Relations,2
artificial intelligence,Artificial Intelligence,2
arts,Art,2
education,Colleges and Universities,2
legislation,Social Media,2
arts,Deaths (Obituaries),2
corporate ethics,Computers and the Internet,2
academic freedom,"Demonstrations, Protests and Riots",2
crime,"Murders, Attempted Murders and Homicides",2
legal trials,Georgia Criminal Case Against Trump (2020 Election),2
economy,United States Economy,2
legal issues,United States International Relations,2
entertainment,Movies,2
artificial intelligence,Social Media,2
politics,Television,2
public safety,Israel-Gaza War (2023- ),2
technology,internal-storyline-no,2
cuisine,Cooking and Cookbooks,2
immigration,Royal Families,2
entertainment,Deaths (Obituaries),2
elections,internal-paywall-exempt,2
technology,your-feed-science,2
international relations,Defense and Military Forces,2
politics,Artificial Intelligence,2
legal issues,New York State Criminal Case Against Trump (71543-23),2
politics,Colleges and Universities,2
dance,Movies,2
legal issues,"Murders, Attempted Murders and Homicides",2
activism,Israel-Gaza War (2023- ),2
politics,United States Politics and Government,2
legal issues,Decisions and Verdicts,2
public health,your-feed-science,2
legal trials,New York State Criminal Case Against Trump (71543-23),2
politics,International Relations,2
climate,Global Warming,2
politics,Palestinians,2
international relations,Defense and Military Forces,2
corporate ethics,Artificial Intelligence,2
arts,internal-storyline-no,2
dance,Content Type: Personal Profile,2
music,Classical Music,2
public safety,Computers and the Internet,2
arts,Fashion and Apparel,2
art exhibitions,Art,2
immigration,United States Economy,2
real estate,Real Estate and Housing (Residential),2
cuisine,Cooking and Cookbooks,2
theater,Theater,2
entertainment,Documentary Films and Programs,2
legislation,Law and Legislation,2
crime,Social Media,2
legal issues,Georgia Criminal Case Against Trump (2020 Election),2
politics,audio-neutral-informative,2
politics,United States Politics and Government,2
arts,Fashion and Apparel,3
supreme court,Decisions and Verdicts,3
artificial intelligence,internal-sub-only-nl,3
music,Deaths (Obituaries),3
activism,"Demonstrations, Protests and Riots",3
safety,AIRLINES AND AIRPLANES,3
supreme court,Decisions and Verdicts,3
international relations,Palestinians,3
immigration,Illegal Immigration,3
art exhibitions,Documentary Films and Programs,3
international relations,Palestinians,3
entertainment,Art,3
international relations,Defense and Military Forces,3
safety,AIRLINES AND AIRPLANES,3
history,internal-paywall-exempt,3
politics,Politics and Government,3
activism,Palestinians,3
environment,your-feed-science,3
politics,"Demonstrations, Protests and Riots",3
cuisine,Restaurants,3
music,Pop and Rock Music,3
environment,your-feed-science,3
public health,Politics and Government,3
entertainment,Content Type: Personal Profile,3
urban issues,Real Estate and Housing (Residential),3
technology,Computers and the Internet,3
music,Culture (Arts),3
elections,Primaries and Caucuses,3
artificial intelligence,Social Media,3
politics,Politics and Government,3
elections,Presidential Election of 2024,3
arts,Fashion and Apparel,3
music,Classical Music,3
cuisine,Cooking and Cookbooks,3
history,Deaths (Obituaries),3
royalty,Royal Families,3
international relations,Documentary Films and Programs,3
climate,Global Warming,3
environmental policy,internal-storyline-no,3
elections,Elections,3
politics,United States Politics and Government,3
legislation,Law and Legislation,3
politics,Law and Legislation,3
cuisine,Restaurants,3
arts,Art,3
policy,Restaurants,3
elections,audio-neutral-informative,3
international relations,Defense and Military Forces,3
technology,Artificial Intelligence,3
entertainment,Computers and the Internet,3
public safety,"Murders, Attempted Murders and Homicides",3
education,Books and Literature,3
corporate ethics,AIRLINES AND AIRPLANES,3
legislation,United States Politics and Government,3
elections,United States Politics and Government,3
international relations,United States International Relations,3
climate,Global Warming,3
public health,internal-sub-only-nl,3
arts,Dancing,3
elections,Primaries and Caucuses,3
theater,Theater,3
legal issues,Illegal Immigration,3
entertainment,Documentary Films and Programs,3
business,United States Economy,3
politics,Theater,3
immigration,Illegal Immigration,3
arts,Books and Literature,3
elections,Presidential Election of 2024,3
elections,Presidential Election of 2024,3
theater,Content Type: Personal Profile,3
abortion rights,Abortion,3
cuisine,Cooking and Cookbooks,3
legal issues,Deaths (Obituaries),3
legal issues,"Murders, Attempted Murders and Homicides",3
elections,Elections,3
arts,audio-neutral-informative,3
activism,United States Economy,3
entertainment,Content Type: Personal Profile,3
environment,Global Warming,3
cuisine,Cooking and Cookbooks,3
cuisine,Cooking and Cookbooks,3
air pollution,Global Warming,3
legal trials,New York State Criminal Case Against Trump (71543-23),3
theater,Content Type: Personal Profile,3
legal issues,Deaths (Obituaries),3
legislation,Computers and the Internet,3
real estate,Movies,3
arts,Deaths (Obituaries),3
legislation,internal-sub-only-nl,3
politics,Israel-Gaza War (2023- ),3
young adult literature,Books and Literature,3
music,Classical Music,3
music,Classical Music,3
activism,Social Media,3
technology,Artificial Intelligence,3
entertainment,Movies,3
abortion rights,Abortion,3
politics,internal-sub-only-nl,3
politics,Primaries and Caucuses,3
international relations,Defense and Military Forces,3
entertainment,Culture (Arts),3
abortion rights,Abortion,3
royalty,Royal Families,3
crime,Decisions and Verdicts,3
international relations,United States International Relations,3
politics,Russian Invasion of Ukraine (2022),3
business,AIRLINES AND AIRPLANES,3
elections,internal-paywall-exempt,3
legal issues,Georgia Criminal Case Against Trump (2020 Election),3
education,internal-storyline-no,3
politics,Primaries and Caucuses,3
travel trends,Travel and Vacations,3
academic freedom,Colleges and Universities,3
dance,Culture (Arts),3
politics,Elections,3
legal issues,Georgia Criminal Case Against Trump (2020 Election),3
entertainment,Movies,3
arts,Art,3
politics,International Relations,3
dance,Dancing,3
dance,Dancing,3
climate,Global Warming,3
safety,Defense and Military Forces,3
abortion rights,Abortion,3
business,Restaurants,3
music,Documentary Films and Programs,3
crime,"Murders, Attempted Murders and Homicides",3
royalty,Royal Families,3
elections,Presidential Election of 2024,3
immigration,Illegal Immigration,3
legislation,Law and Legislation,3
entertainment,Fashion and Apparel,3
international relations,United States International Relations,3
infrastructure,AIRLINES AND AIRPLANES,3
music,Culture (Arts),3
education,Weddings and Engagements,3
crime,"Murders, Attempted Murders and Homicides",3
elections,Elections,3
immigration,Illegal Immigration,3
history,Books and Literature,3
arts,Culture (Arts),3
dance,Dancing,3
music,Classical Music,3
education,internal-sub-only-nl,3
legal issues,Primaries and Caucuses,3
politics,Palestinians,3
music,Pop and Rock Music,3
public safety,AIRLINES AND AIRPLANES,3
theater,Politics and Government,3
politics,Russian Invasion of Ukraine (2022),3
policy,International Relations,3
politics,"Demonstrations, Protests and Riots",3
legal issues,Georgia Criminal Case Against Trump (2020 Election),3
young adult literature,Books and Literature,3
elections,Primaries and Caucuses,3
real estate,Real Estate and Housing (Residential),3
politics,United States International Relations,3
entertainment,Documentary Films and Programs,3
entertainment,Movies,3
real estate,Real Estate and Housing (Residential),3
economy,internal-storyline-no,3
abortion rights,United States Economy,3
politics,Presidential Election of 2024,3
legal issues,Georgia Criminal Case Against Trump (2020 Election),3
economy,United States Economy,3
economy,United States Economy,3
academic freedom,Colleges and Universities,3
music,Classical Music,3
international relations,Decisions and Verdicts,3
legal issues,Decisions and Verdicts,3
theater,Theater,3
immigration,Illegal Immigration,3
elections,Primaries and Caucuses,3
cuisine,Restaurants,3
elections,Elections,3
urban issues,Restaurants,3
cuisine,Restaurants,3
legal trials,New York State Criminal Case Against Trump (71543-23),3
entertainment,Culture (Arts),3
entertainment,Content Type: Personal Profile,3
entertainment,Social Media,3
arts,Books and Literature,3
cuisine,Cooking and Cookbooks,3
entertainment,Weddings and Engagements,3
entertainment,Fashion and Apparel,3
travel trends,Travel and Vacations,3
elections,"Demonstrations, Protests and Riots",3
legal issues,internal-sub-only-nl,3
entertainment,Weddings and Engagements,3
travel trends,Travel and Vacations,3
activism,"Demonstrations, Protests and Riots",3
history,internal-paywall-exempt,3
entertainment,Fashion and Apparel,3
international trade,United States International Relations,3
history,Deaths (Obituaries),3
elections,Georgia Criminal Case Against Trump (2020 Election),3
international relations,Russian Invasion of Ukraine (2022),3
supreme court,Decisions and Verdicts,3
legal issues,Russian Invasion of Ukraine (2022),3
music,Pop and Rock Music,3
young adult literature,Books and Literature,3
crime,audio-neutral-informative,3
athlete compensation,Colleges and Universities,3
legal trials,New York State Criminal Case Against Trump (71543-23),3
travel trends,Travel and Vacations,3
international relations,Defense and Military Forces,3
art exhibitions,Art,3
royalty,Royal Families,3
politics,Politics and Government,3
music,Pop and Rock Music,3
abortion rights,AIRLINES AND AIRPLANES,3
travel trends,Travel and Vacations,3
crime,Russian Invasion of Ukraine (2022),3
infrastructure,Computers and the Internet,3
theater,Theater,3
politics,Abortion,3
elections,internal-storyline-no,3
international relations,International Relations,3
history,internal-paywall-exempt,3
immigration,"Demonstrations, Protests and Riots",3
legal issues,New York State Criminal Case Against Trump (71543-23),3
entertainment,Culture (Arts),3
elections,internal-paywall-exempt,3
legal trials,Television,3
activism,Israel-Gaza War (2023- ),3
crime,Decisions and Verdicts,3
entertainment,Dancing,3
real estate,internal-storyline-no,3
theater,Theater,3
international relations,International Relations,3
artificial intelligence,Artificial Intelligence,3
politics,Law and Legislation,3
dance,Dancing,3
music,Pop and Rock Music,3
entertainment,Television,3
legal trials,United States Politics and Government,3
cuisine,Cooking and Cookbooks,3
politics,Palestinians,3
activism,Israel-Gaza War (2023- ),3
royalty,Royal Families,3
archives,Books and Literature,3
activism,Weddings and Engagements,3
arts,Weddings and Engagements,3
education,Movies,3
activism,audio-neutral-informative,3
elections,Elections,3
music,Pop and Rock Music,3
entertainment,Television,3
entertainment,Real Estate and Housing (Residential),3
abortion rights,"Demonstrations, Protests and Riots",3
entertainment,Weddings and Engagements,3
elections,Television,3
elections,internal-paywall-exempt,3
international relations,Computers and the Internet,3
arts,Documentary Films and Programs,3
politics,Presidential Election of 2024,3
international relations,Palestinians,3
politics,Presidential Election of 2024,3
policy,United States Politics and Government,3
international relations,Russian Invasion of Ukraine (2022),3
travel trends,Restaurants,3
entertainment,Content Type: Personal Profile,3
travel trends,Travel and Vacations,3
dance,Dancing,3
entertainment,Television,3
abortion rights,International Relations,3
international trade,International Relations,3
international relations,Palestinians,3
arts,Culture (Arts),3
politics,Social Media,3
environment,your-feed-science,3
air pollution,Global Warming,3
policy,United States Economy,3
public health,your-feed-science,3
manufacturing,AIRLINES AND AIRPLANES,3
federal supremacy,Illegal Immigration,3
entertainment,Television,3
technology,Computers and the Internet,3
music,Classical Music,3
royalty,Royal Families,3
academic freedom,Colleges and Universities,3
international relations,Defense and Military Forces,3
dance,Dancing,3
politics,Primaries and Caucuses,3
economy,internal-sub-only-nl,3
elections,Abortion,3
elections,Presidential Election of 2024,3
international relations,Colleges and Universities,3
international relations,United States International Relations,3
politics,Israel-Gaza War (2023- ),3
artificial intelligence,Artificial Intelligence,3
politics,Elections,3
public health,your-feed-science,3
arts,Documentary Films and Programs,3
technology,Global Warming,3
travel trends,Travel and Vacations,3
real estate,Travel and Vacations,3
entertainment,audio-neutral-informative,3
international relations,Russian Invasion of Ukraine (2022),3
real estate,Real Estate and Housing (Residential),3
entertainment,Television,3
business,Artificial Intelligence,3
politics,Colleges and Universities,3
legislation,Law and Legislation,3
politics,United States Politics and Government,3
activism,Content Type: Personal Profile,3
politics,Russian Invasion of Ukraine (2022),3
music,audio-neutral-informative,3
academic freedom,"Murders, Attempted Murders and Homicides",3
legal issues,internal-sub-only-nl,3
royalty,Royal Families,3
politics,Israel-Gaza War (2023- ),3
disasters,Weddings and Engagements,3
infrastructure,Social Media,3
legislation,Law and Legislation,3
real estate,Real Estate and Housing (Residential),3
politics,United States International Relations,3
art exhibitions,Art,3
legislation,Law and Legislation,3
arts,audio-neutral-informative,3
politics,Israel-Gaza War (2023- ),3
legislation,Abortion,3
music,Pop and Rock Music,3
art exhibitions,Art,3
policy,Elections,3
politics,Politics and Government,3
arts,Fashion and Apparel,3
legal issues,New York State Criminal Case Against Trump (71543-23),3
music,Pop and Rock Music,3
music,Classical Music,3
arts,Movies,3
urban issues,Real Estate and Housing (Residential),3
education,Weddings and Engagements,3
economy,internal-storyline-no,3
theater,Theater,3
legal trials,New York State Criminal Case Against Trump (71543-23),3
environment,your-feed-science,3
theater,Theater,3
elections,Politics and Government,3
legal issues,"Murders, Attempted Murders and Homicides",3
legal issues,Georgia Criminal Case Against Trump (2020 Election),3
politics,Abortion,3
elections,internal-paywall-exempt,3
elections,Politics and Government,3
immigration,Illegal Immigration,3
arts,Fashion and Apparel,3
real estate,International Relations,3
artificial intelligence,Artificial Intelligence,3
arts,Art,3
education,Colleges and Universities,3
legislation,Social Media,3
arts,Deaths (Obituaries),3
corporate ethics,Computers and the Internet,3
academic freedom,"Demonstrations, Protests and Riots",3
crime,"Murders, Attempted Murders and Homicides",3
legal trials,Georgia Criminal Case Against Trump (2020 Election),3
economy,United States Economy,3
legal issues,United States International Relations,3
entertainment,Movies,3
artificial intelligence,Social Media,3
politics,Television,3
public safety,Israel-Gaza War (2023- ),3
technology,internal-storyline-no,3
cuisine,Cooking and Cookbooks,3
immigration,Royal Families,3
entertainment,Deaths (Obituaries),3
elections,internal-paywall-exempt,3
technology,your-feed-science,3
international relations,Defense and Military Forces,3
politics,Artificial Intelligence,3
legal issues,New York State Criminal Case Against Trump (71543-23),3
politics,Colleges and Universities,3
dance,Movies,3
legal issues,"Murders, Attempted Murders and Homicides",3
activism,Israel-Gaza War (2023- ),3
politics,United States Politics and Government,3
legal issues,Decisions and Verdicts,3
public health,your-feed-science,3
legal trials,New York State Criminal Case Against Trump (71543-23),3
politics,International Relations,3
climate,Global Warming,3
politics,Palestinians,3
international relations,Defense and Military Forces,3
corporate ethics,Artificial Intelligence,3
arts,internal-storyline-no,3
dance,Content Type: Personal Profile,3
music,Classical Music,3
public safety,Computers and the Internet,3
arts,Fashion and Apparel,3
art exhibitions,Art,3
immigration,United States Economy,3
real estate,Real Estate and Housing (Residential),3
cuisine,Cooking and Cookbooks,3
theater,Theater,3
entertainment,Documentary Films and Programs,3
legislation,Law and Legislation,3
crime,Social Media,3
legal issues,Georgia Criminal Case Against Trump (2020 Election),3
politics,audio-neutral-informative,3
politics,United States Politics and Government,3
arts,Fashion and Apparel,4
supreme court,Decisions and Verdicts,4
artificial intelligence,internal-sub-only-nl,4
music,Deaths (Obituaries),4
activism,"Demonstrations, Protests and Riots",4
safety,AIRLINES AND AIRPLANES,4
supreme court,Decisions and Verdicts,4
international relations,Palestinians,4
immigration,Illegal Immigration,4
art exhibitions,Documentary Films and Programs,4
international relations,Palestinians,4
entertainment,Art,4
international relations,Defense and Military Forces,4
safety,AIRLINES AND AIRPLANES,4
history,internal-paywall-exempt,4
politics,Politics and Government,4
activism,Palestinians,4
environment,your-feed-science,4
politics,"Demonstrations, Protests and Riots",4
cuisine,Restaurants,4
music,Pop and Rock Music,4
environment,your-feed-science,4
public health,Politics and Government,4
entertainment,Content Type: Personal Profile,4
urban issues,Real Estate and Housing (Residential),4
technology,Computers and the Internet,4
music,Culture (Arts),4
elections,Primaries and Caucuses,4
artificial intelligence,Social Media,4
politics,Politics and Government,4
elections,Presidential Election of 2024,4
arts,Fashion and Apparel,4
music,Classical Music,4
cuisine,Cooking and Cookbooks,4
history,Deaths (Obituaries),4
royalty,Royal Families,4
international relations,Documentary Films and Programs,4
climate,Global Warming,4
environmental policy,internal-storyline-no,4
elections,Elections,4
politics,United States Politics and Government,4
legislation,Law and Legislation,4
politics,Law and Legislation,4
cuisine,Restaurants,4
arts,Art,4
policy,Restaurants,4
elections,audio-neutral-informative,4
international relations,Defense and Military Forces,4
technology,Artificial Intelligence,4
entertainment,Computers and the Internet,4
public safety,"Murders, Attempted Murders and Homicides",4
education,Books and Literature,4
corporate ethics,AIRLINES AND AIRPLANES,4
legislation,United States Politics and Government,4
elections,United States Politics and Government,4
international relations,United States International Relations,4
climate,Global Warming,4
public health,internal-sub-only-nl,4
arts,Dancing,4
elections,Primaries and Caucuses,4
theater,Theater,4
legal issues,Illegal Immigration,4
entertainment,Documentary Films and Programs,4
business,United States Economy,4
politics,Theater,4
immigration,Illegal Immigration,4
arts,Books and Literature,4
elections,Presidential Election of 2024,4
elections,Presidential Election of 2024,4
theater,Content Type: Personal Profile,4
abortion rights,Abortion,4
cuisine,Cooking and Cookbooks,4
legal issues,Deaths (Obituaries),4
legal issues,"Murders, Attempted Murders and Homicides",4
elections,Elections,4
arts,audio-neutral-informative,4
activism,United States Economy,4
entertainment,Content Type: Personal Profile,4
environment,Global Warming,4
cuisine,Cooking and Cookbooks,4
cuisine,Cooking and Cookbooks,4
air pollution,Global Warming,4
legal trials,New York State Criminal Case Against Trump (71543-23),4
theater,Content Type: Personal Profile,4
legal issues,Deaths (Obituaries),4
legislation,Computers and the Internet,4
real estate,Movies,4
arts,Deaths (Obituaries),4
legislation,internal-sub-only-nl,4
politics,Israel-Gaza War (2023- ),4
young adult literature,Books and Literature,4
music,Classical Music,4
music,Classical Music,4
activism,Social Media,4
technology,Artificial Intelligence,4
entertainment,Movies,4
abortion rights,Abortion,4
politics,internal-sub-only-nl,4
politics,Primaries and Caucuses,4
international relations,Defense and Military Forces,4
entertainment,Culture (Arts),4
abortion rights,Abortion,4
royalty,Royal Families,4
crime,Decisions and Verdicts,4
international relations,United States International Relations,4
politics,Russian Invasion of Ukraine (2022),4
business,AIRLINES AND AIRPLANES,4
elections,internal-paywall-exempt,4
legal issues,Georgia Criminal Case Against Trump (2020 Election),4
education,internal-storyline-no,4
politics,Primaries and Caucuses,4
travel trends,Travel and Vacations,4
academic freedom,Colleges and Universities,4
dance,Culture (Arts),4
politics,Elections,4
legal issues,Georgia Criminal Case Against Trump (2020 Election),4
entertainment,Movies,4
arts,Art,4
politics,International Relations,4
dance,Dancing,4
dance,Dancing,4
climate,Global Warming,4
safety,Defense and Military Forces,4
abortion rights,Abortion,4
business,Restaurants,4
music,Documentary Films and Programs,4
crime,"Murders, Attempted Murders and Homicides",4
royalty,Royal Families,4
elections,Presidential Election of 2024,4
immigration,Illegal Immigration,4
legislation,Law and Legislation,4
entertainment,Fashion and Apparel,4
international relations,United States International Relations,4
infrastructure,AIRLINES AND AIRPLANES,4
music,Culture (Arts),4
education,Weddings and Engagements,4
crime,"Murders, Attempted Murders and Homicides",4
elections,Elections,4
immigration,Illegal Immigration,4
history,Books and Literature,4
arts,Culture (Arts),4
dance,Dancing,4
music,Classical Music,4
education,internal-sub-only-nl,4
legal issues,Primaries and Caucuses,4
politics,Palestinians,4
music,Pop and Rock Music,4
public safety,AIRLINES AND AIRPLANES,4
theater,Politics and Government,4
politics,Russian Invasion of Ukraine (2022),4
policy,International Relations,4
politics,"Demonstrations, Protests and Riots",4
legal issues,Georgia Criminal Case Against Trump (2020 Election),4
young adult literature,Books and Literature,4
elections,Primaries and Caucuses,4
real estate,Real Estate and Housing (Residential),4
politics,United States International Relations,4
entertainment,Documentary Films and Programs,4
entertainment,Movies,4
real estate,Real Estate and Housing (Residential),4
economy,internal-storyline-no,4
abortion rights,United States Economy,4
politics,Presidential Election of 2024,4
legal issues,Georgia Criminal Case Against Trump (2020 Election),4
economy,United States Economy,4
economy,United States Economy,4
academic freedom,Colleges and Universities,4
music,Classical Music,4
international relations,Decisions and Verdicts,4
legal issues,Decisions and Verdicts,4
theater,Theater,4
immigration,Illegal Immigration,4
elections,Primaries and Caucuses,4
cuisine,Restaurants,4
elections,Elections,4
urban issues,Restaurants,4
cuisine,Restaurants,4
legal trials,New York State Criminal Case Against Trump (71543-23),4
entertainment,Culture (Arts),4
entertainment,Content Type: Personal Profile,4
entertainment,Social Media,4
arts,Books and Literature,4
cuisine,Cooking and Cookbooks,4
entertainment,Weddings and Engagements,4
entertainment,Fashion and Apparel,4
travel trends,Travel and Vacations,4
elections,"Demonstrations, Protests and Riots",4
legal issues,internal-sub-only-nl,4
entertainment,Weddings and Engagements,4
travel trends,Travel and Vacations,4
activism,"Demonstrations, Protests and Riots",4
history,internal-paywall-exempt,4
entertainment,Fashion and Apparel,4
international trade,United States International Relations,4
history,Deaths (Obituaries),4
elections,Georgia Criminal Case Against Trump (2020 Election),4
international relations,Russian Invasion of Ukraine (2022),4
supreme court,Decisions and Verdicts,4
legal issues,Russian Invasion of Ukraine (2022),4
music,Pop and Rock Music,4
young adult literature,Books and Literature,4
crime,audio-neutral-informative,4
athlete compensation,Colleges and Universities,4
legal trials,New York State Criminal Case Against Trump (71543-23),4
travel trends,Travel and Vacations,4
international relations,Defense and Military Forces,4
art exhibitions,Art,4
royalty,Royal Families,4
politics,Politics and Government,4
music,Pop and Rock Music,4
abortion rights,AIRLINES AND AIRPLANES,4
travel trends,Travel and Vacations,4
crime,Russian Invasion of Ukraine (2022),4
infrastructure,Computers and the Internet,4
theater,Theater,4
politics,Abortion,4
elections,internal-storyline-no,4
international relations,International Relations,4
history,internal-paywall-exempt,4
immigration,"Demonstrations, Protests and Riots",4
legal issues,New York State Criminal Case Against Trump (71543-23),4
entertainment,Culture (Arts),4
elections,internal-paywall-exempt,4
legal trials,Television,4
activism,Israel-Gaza War (2023- ),4
crime,Decisions and Verdicts,4
entertainment,Dancing,4
real estate,internal-storyline-no,4
theater,Theater,4
international relations,International Relations,4
artificial intelligence,Artificial Intelligence,4
politics,Law and Legislation,4
dance,Dancing,4
music,Pop and Rock Music,4
entertainment,Television,4
legal trials,United States Politics and Government,4
cuisine,Cooking and Cookbooks,4
politics,Palestinians,4
activism,Israel-Gaza War (2023- ),4
royalty,Royal Families,4
archives,Books and Literature,4
activism,Weddings and Engagements,4
arts,Weddings and Engagements,4
education,Movies,4
activism,audio-neutral-informative,4
elections,Elections,4
music,Pop and Rock Music,4
entertainment,Television,4
entertainment,Real Estate and Housing (Residential),4
abortion rights,"Demonstrations, Protests and Riots",4
entertainment,Weddings and Engagements,4
elections,Television,4
elections,internal-paywall-exempt,4
international relations,Computers and the Internet,4
arts,Documentary Films and Programs,4
politics,Presidential Election of 2024,4
international relations,Palestinians,4
politics,Presidential Election of 2024,4
policy,United States Politics and Government,4
international relations,Russian Invasion of Ukraine (2022),4
travel trends,Restaurants,4
entertainment,Content Type: Personal Profile,4
travel trends,Travel and Vacations,4
dance,Dancing,4
entertainment,Television,4
abortion rights,International Relations,4
international trade,International Relations,4
international relations,Palestinians,4
arts,Culture (Arts),4
politics,Social Media,4
environment,your-feed-science,4
air pollution,Global Warming,4
policy,United States Economy,4
public health,your-feed-science,4
manufacturing,AIRLINES AND AIRPLANES,4
federal supremacy,Illegal Immigration,4
entertainment,Television,4
technology,Computers and the Internet,4
music,Classical Music,4
royalty,Royal Families,4
academic freedom,Colleges and Universities,4
international relations,Defense and Military Forces,4
dance,Dancing,4
politics,Primaries and Caucuses,4
economy,internal-sub-only-nl,4
elections,Abortion,4
elections,Presidential Election of 2024,4
international relations,Colleges and Universities,4
international relations,United States International Relations,4
politics,Israel-Gaza War (2023- ),4
artificial intelligence,Artificial Intelligence,4
politics,Elections,4
public health,your-feed-science,4
arts,Documentary Films and Programs,4
technology,Global Warming,4
travel trends,Travel and Vacations,4
real estate,Travel and Vacations,4
entertainment,audio-neutral-informative,4
international relations,Russian Invasion of Ukraine (2022),4
real estate,Real Estate and Housing (Residential),4
entertainment,Television,4
business,Artificial Intelligence,4
politics,Colleges and Universities,4
legislation,Law and Legislation,4
politics,United States Politics and Government,4
activism,Content Type: Personal Profile,4
politics,Russian Invasion of Ukraine (2022),4
music,audio-neutral-informative,4
academic freedom,"Murders, Attempted Murders and Homicides",4
legal issues,internal-sub-only-nl,4
royalty,Royal Families,4
politics,Israel-Gaza War (2023- ),4
disasters,Weddings and Engagements,4
infrastructure,Social Media,4
legislation,Law and Legislation,4
real estate,Real Estate and Housing (Residential),4
politics,United States International Relations,4
art exhibitions,Art,4
legislation,Law and Legislation,4
arts,audio-neutral-informative,4
politics,Israel-Gaza War (2023- ),4
legislation,Abortion,4
music,Pop and Rock Music,4
art exhibitions,Art,4
policy,Elections,4
politics,Politics and Government,4
arts,Fashion and Apparel,4
legal issues,New York State Criminal Case Against Trump (71543-23),4
music,Pop and Rock Music,4
music,Classical Music,4
arts,Movies,4
urban issues,Real Estate and Housing (Residential),4
education,Weddings and Engagements,4
economy,internal-storyline-no,4
theater,Theater,4
legal trials,New York State Criminal Case Against Trump (71543-23),4
environment,your-feed-science,4
theater,Theater,4
elections,Politics and Government,4
legal issues,"Murders, Attempted Murders and Homicides",4
legal issues,Georgia Criminal Case Against Trump (2020 Election),4
politics,Abortion,4
elections,internal-paywall-exempt,4
elections,Politics and Government,4
immigration,Illegal Immigration,4
arts,Fashion and Apparel,4
real estate,International Relations,4
artificial intelligence,Artificial Intelligence,4
arts,Art,4
education,Colleges and Universities,4
legislation,Social Media,4
arts,Deaths (Obituaries),4
corporate ethics,Computers and the Internet,4
academic freedom,"Demonstrations, Protests and Riots",4
crime,"Murders, Attempted Murders and Homicides",4
legal trials,Georgia Criminal Case Against Trump (2020 Election),4
economy,United States Economy,4
legal issues,United States International Relations,4
entertainment,Movies,4
artificial intelligence,Social Media,4
politics,Television,4
public safety,Israel-Gaza War (2023- ),4
technology,internal-storyline-no,4
cuisine,Cooking and Cookbooks,4
immigration,Royal Families,4
entertainment,Deaths (Obituaries),4
elections,internal-paywall-exempt,4
technology,your-feed-science,4
international relations,Defense and Military Forces,4
politics,Artificial Intelligence,4
legal issues,New York State Criminal Case Against Trump (71543-23),4
politics,Colleges and Universities,4
dance,Movies,4
legal issues,"Murders, Attempted Murders and Homicides",4
activism,Israel-Gaza War (2023- ),4
politics,United States Politics and Government,4
legal issues,Decisions and Verdicts,4
public health,your-feed-science,4
legal trials,New York State Criminal Case Against Trump (71543-23),4
politics,International Relations,4
climate,Global Warming,4
politics,Palestinians,4
international relations,Defense and Military Forces,4
corporate ethics,Artificial Intelligence,4
arts,internal-storyline-no,4
dance,Content Type: Personal Profile,4
music,Classical Music,4
public safety,Computers and the Internet,4
arts,Fashion and Apparel,4
art exhibitions,Art,4
immigration,United States Economy,4
real estate,Real Estate and Housing (Residential),4
cuisine,Cooking and Cookbooks,4
theater,Theater,4
entertainment,Documentary Films and Programs,4
legislation,Law and Legislation,4
crime,Social Media,4
legal issues,Georgia Criminal Case Against Trump (2020 Election),4
politics,audio-neutral-informative,4
politics,United States Politics and Government,4
