run,metric_name,score,num_topics
0,V_measure,0.5691307861418302,50
0,completeness,0.6006132013458482,50
0,homogeneity,0.5407844232727046,50
0,adjusted_mutual_info,0.2426988639224607,50
1,V_measure,0.5878185291765812,50
1,completeness,0.6253662070240926,50
1,homogeneity,0.5545242789428649,50
1,adjusted_mutual_info,0.28839023380793916,50
2,V_measure,0.5641039038846983,50
2,completeness,0.6135849671580341,50
2,homogeneity,0.5220078535973756,50
2,adjusted_mutual_info,0.266511801109444,50
3,V_measure,0.5665698217793055,50
3,completeness,0.6164186109158515,50
3,homogeneity,0.5241802052758026,50
3,adjusted_mutual_info,0.27095791368229244,50
4,V_measure,0.5647913610153132,50
4,completeness,0.6142867221868156,50
4,homogeneity,0.5226773101832015,50
4,adjusted_mutual_info,0.267678843009887,50
