run,metric_name,score,num_topics
0,V_measure,0.6005730329831064,50
0,completeness,0.6277886914652289,50
0,homogeneity,0.5756190146463509,50
0,adjusted_mutual_info,0.28542995249925956,50
1,V_measure,0.6057245334228809,50
1,completeness,0.6321201310757041,50
1,homogeneity,0.5814449902393868,50
1,adjusted_mutual_info,0.29256297393005404,50
2,V_measure,0.6054661581881521,50
2,completeness,0.6299481591561924,50
2,homogeneity,0.5828158832251764,50
2,adjusted_mutual_info,0.2880895415680915,50
3,V_measure,0.603758046335407,50
3,completeness,0.6294541869103005,50
3,homogeneity,0.580077600823902,50
3,adjusted_mutual_info,0.28837975207077415,50
4,V_measure,0.5975826411610202,50
4,completeness,0.6231044288626592,50
4,homogeneity,0.5740692879964179,50
4,adjusted_mutual_info,0.2768663269743739,50
