run,metric_name,score,num_topics
0,V_measure,0.45550203648204907,50
0,completeness,0.5058171324865619,50
0,homogeneity,0.4142912820576393,50
0,adjusted_mutual_info,0.26557257754407726,50
1,V_measure,0.45609107580413627,50
1,completeness,0.5064303838748312,50
1,homogeneity,0.4148544397132382,50
1,adjusted_mutual_info,0.2663750681063243,50
2,V_measure,0.45609107580413627,50
2,completeness,0.5064303838748312,50
2,homogeneity,0.4148544397132382,50
2,adjusted_mutual_info,0.2663750681063243,50
3,V_measure,0.45550203648204907,50
3,completeness,0.5058171324865619,50
3,homogeneity,0.4142912820576393,50
3,adjusted_mutual_info,0.26557257754407726,50
4,V_measure,0.45609107580413627,50
4,completeness,0.5064303838748312,50
4,homogeneity,0.4148544397132382,50
4,adjusted_mutual_info,0.2663750681063243,50
