run,metric_name,score,num_topics
0,V_measure,0.48892790408618614,50
0,completeness,0.5018417246868617,50
0,homogeneity,0.4766620289580097,50
0,adjusted_mutual_info,0.04474541913081902,50
1,V_measure,0.48892790408618614,50
1,completeness,0.5018417246868617,50
1,homogeneity,0.4766620289580097,50
1,adjusted_mutual_info,0.04474541913081902,50
2,V_measure,0.48892790408618614,50
2,completeness,0.5018417246868617,50
2,homogeneity,0.4766620289580097,50
2,adjusted_mutual_info,0.04474541913081902,50
3,V_measure,0.48892790408618614,50
3,completeness,0.5018417246868617,50
3,homogeneity,0.4766620289580097,50
3,adjusted_mutual_info,0.04474541913081902,50
4,V_measure,0.48892790408618614,50
4,completeness,0.5018417246868617,50
4,homogeneity,0.4766620289580097,50
4,adjusted_mutual_info,0.04474541913081902,50
