run,metric_name,score,num_topics
0,V_measure,0.5393501546261084,50
0,completeness,0.5953509426517619,50
0,homogeneity,0.4929788436150706,50
0,adjusted_mutual_info,0.23999075896369002,50
1,V_measure,0.5385571865336712,50
1,completeness,0.5960717906070219,50
1,homogeneity,0.49116497701638234,50
1,adjusted_mutual_info,0.24321569900832224,50
2,V_measure,0.5417347695475629,50
2,completeness,0.6016071652219509,50
2,homogeneity,0.492700815378255,50
2,adjusted_mutual_info,0.2507328212309907,50
3,V_measure,0.5421717670413274,50
3,completeness,0.6000934233987286,50
3,homogeneity,0.49444719697692807,50
3,adjusted_mutual_info,0.24839689793486622,50
4,V_measure,0.5280743227671783,50
4,completeness,0.5850144281474633,50
4,homogeneity,0.48123516825299634,50
4,adjusted_mutual_info,0.2274978665088493,50
