run,metric_name,score,num_topics
0,V_measure,0.46889482068989,24
0,completeness,0.5798778719244725,24
0,homogeneity,0.3935694170322344,24
0,adjusted_mutual_info,0.24915255031856445,24
1,V_measure,0.4691775696890803,22
1,completeness,0.5854261265234155,22
1,homogeneity,0.3914475094930958,22
1,adjusted_mutual_info,0.2658464441019086,22
2,V_measure,0.46265601452680244,22
2,completeness,0.5813778820736272,22
2,homogeneity,0.38419950014271514,22
2,adjusted_mutual_info,0.2519632854796741,22
3,V_measure,0.4740009777452886,22
3,completeness,0.5990710690725566,22
3,homogeneity,0.3921338656160939,22
3,adjusted_mutual_info,0.27371793724068344,22
4,V_measure,0.46435948700682594,22
4,completeness,0.5832693069570208,22
4,homogeneity,0.3857229954389944,22
4,adjusted_mutual_info,0.2546192547471339,22
